-- MariaDB dump 10.19  Distrib 10.4.27-MariaDB, for Win64 (AMD64)
--
-- Host: localhost    Database: banking_nostro_account_statement_parser_tool
-- ------------------------------------------------------
-- Server version	10.4.27-MariaDB

/*!40101 SET @OLD_CHARACTER_SET_CLIENT=@@CHARACTER_SET_CLIENT */;
/*!40101 SET @OLD_CHARACTER_SET_RESULTS=@@CHARACTER_SET_RESULTS */;
/*!40101 SET @OLD_COLLATION_CONNECTION=@@COLLATION_CONNECTION */;
/*!40101 SET NAMES utf8mb4 */;
/*!40103 SET @OLD_TIME_ZONE=@@TIME_ZONE */;
/*!40103 SET TIME_ZONE='+00:00' */;
/*!40014 SET @OLD_UNIQUE_CHECKS=@@UNIQUE_CHECKS, UNIQUE_CHECKS=0 */;
/*!40014 SET @OLD_FOREIGN_KEY_CHECKS=@@FOREIGN_KEY_CHECKS, FOREIGN_KEY_CHECKS=0 */;
/*!40101 SET @OLD_SQL_MODE=@@SQL_MODE, SQL_MODE='NO_AUTO_VALUE_ON_ZERO' */;
/*!40111 SET @OLD_SQL_NOTES=@@SQL_NOTES, SQL_NOTES=0 */;

--
-- Table structure for table `failed_jobs`
--

DROP TABLE IF EXISTS `failed_jobs`;
/*!40101 SET @saved_cs_client     = @@character_set_client */;
/*!40101 SET character_set_client = utf8 */;
CREATE TABLE `failed_jobs` (
  `id` bigint(20) unsigned NOT NULL AUTO_INCREMENT,
  `uuid` varchar(255) NOT NULL,
  `connection` text NOT NULL,
  `queue` text NOT NULL,
  `payload` longtext NOT NULL,
  `exception` longtext NOT NULL,
  `failed_at` timestamp NOT NULL DEFAULT current_timestamp(),
  PRIMARY KEY (`id`),
  UNIQUE KEY `failed_jobs_uuid_unique` (`uuid`)
) ENGINE=InnoDB DEFAULT CHARSET=utf8 COLLATE=utf8_unicode_ci;
/*!40101 SET character_set_client = @saved_cs_client */;

--
-- Dumping data for table `failed_jobs`
--

LOCK TABLES `failed_jobs` WRITE;
/*!40000 ALTER TABLE `failed_jobs` DISABLE KEYS */;
/*!40000 ALTER TABLE `failed_jobs` ENABLE KEYS */;
UNLOCK TABLES;

--
-- Table structure for table `migrations`
--

DROP TABLE IF EXISTS `migrations`;
/*!40101 SET @saved_cs_client     = @@character_set_client */;
/*!40101 SET character_set_client = utf8 */;
CREATE TABLE `migrations` (
  `id` int(10) unsigned NOT NULL AUTO_INCREMENT,
  `migration` varchar(255) NOT NULL,
  `batch` int(11) NOT NULL,
  PRIMARY KEY (`id`)
) ENGINE=InnoDB AUTO_INCREMENT=5 DEFAULT CHARSET=utf8 COLLATE=utf8_unicode_ci;
/*!40101 SET character_set_client = @saved_cs_client */;

--
-- Dumping data for table `migrations`
--

LOCK TABLES `migrations` WRITE;
/*!40000 ALTER TABLE `migrations` DISABLE KEYS */;
INSERT INTO `migrations` VALUES (1,'2014_10_12_000000_create_users_table',1),(2,'2014_10_12_100000_create_password_resets_table',1),(3,'2019_08_19_000000_create_failed_jobs_table',1),(4,'2019_12_14_000001_create_personal_access_tokens_table',1);
/*!40000 ALTER TABLE `migrations` ENABLE KEYS */;
UNLOCK TABLES;

--
-- Table structure for table `parser_logs`
--

DROP TABLE IF EXISTS `parser_logs`;
/*!40101 SET @saved_cs_client     = @@character_set_client */;
/*!40101 SET character_set_client = utf8 */;
CREATE TABLE `parser_logs` (
  `parser_log_id` int(10) unsigned NOT NULL AUTO_INCREMENT,
  `user_id` int(11) NOT NULL,
  `file_name` char(255) NOT NULL,
  `status` char(255) NOT NULL,
  `description` char(255) DEFAULT NULL,
  `created_at` timestamp NULL DEFAULT NULL,
  `updated_at` timestamp NULL DEFAULT NULL,
  PRIMARY KEY (`parser_log_id`)
) ENGINE=InnoDB AUTO_INCREMENT=831 DEFAULT CHARSET=utf8mb4 COLLATE=utf8mb4_unicode_ci;
/*!40101 SET character_set_client = @saved_cs_client */;

--
-- Dumping data for table `parser_logs`
--

LOCK TABLES `parser_logs` WRITE;
/*!40000 ALTER TABLE `parser_logs` DISABLE KEYS */;
INSERT INTO `parser_logs` VALUES (1,2,'xlsx_03_Jan_19.xlsx','active',NULL,'2019-02-17 17:28:12','2019-02-17 17:28:12'),(2,2,'xlsx_04_Jan_19.xlsx','active',NULL,'2019-02-17 17:28:32','2019-02-17 17:28:32'),(3,2,'xlsx_05_Jan_19.xlsx','active',NULL,'2019-02-17 17:28:55','2019-02-17 17:28:55'),(4,2,'xlsx_06_Jan_19.xlsx','active',NULL,'2019-02-17 17:29:08','2019-02-17 17:29:08'),(5,2,'xlsx_07_Jan_19.xlsx','active',NULL,'2019-02-17 17:29:22','2019-02-17 17:29:22'),(6,2,'xlsx_10_Jan_19.xlsx','active',NULL,'2019-02-17 17:29:51','2019-02-17 17:29:51'),(7,2,'xlsx_11_Jan_19.xlsx','active',NULL,'2019-02-17 17:30:07','2019-02-17 17:30:07'),(8,2,'xlsx_12_Jan_19.xlsx','active',NULL,'2019-02-17 17:30:20','2019-02-17 17:30:20'),(9,2,'xlsx_13_Jan_19.xlsx','active',NULL,'2019-02-17 17:30:33','2019-02-17 17:30:33'),(10,2,'xlsx_14_Jan_19.xlsx','active',NULL,'2019-02-17 17:30:43','2019-02-17 17:30:43'),(11,2,'xlsx_12_Jan_19.xlsx','active',NULL,'2019-02-17 17:30:57','2019-02-17 17:30:57'),(12,2,'xlsx_17__feb_19.xlsx','active',NULL,'2019-02-18 07:50:47','2019-02-18 07:50:47'),(13,2,'xlsx_18_feb_19.xlsx','active',NULL,'2019-02-19 09:05:32','2019-02-19 09:05:32'),(14,1,'xlsx_11_Jan_19.xlsx','active',NULL,'2019-02-19 16:07:56','2019-02-19 16:07:56'),(15,1,'xlsx_11_Jan_19.xlsx','active',NULL,'2019-02-19 16:11:49','2019-02-19 16:11:49'),(16,1,'xlsx_11_Jan_19.xlsx','active',NULL,'2019-02-19 16:14:13','2019-02-19 16:14:13'),(17,1,'xlsx_10_Jan_19.xlsx','active',NULL,'2019-02-19 16:23:24','2019-02-19 16:23:24'),(18,1,'xlsx_11_Jan_19.xlsx','active',NULL,'2019-02-19 16:24:26','2019-02-19 16:24:26'),(19,1,'xlsx_07_Jan_19.xlsx','active',NULL,'2019-02-19 16:26:42','2019-02-19 16:26:42'),(20,1,'xlsx_05_Jan_19.xlsx','active',NULL,'2019-02-19 16:38:49','2019-02-19 16:38:49'),(21,1,'xlsx_05_Jan_19.xlsx','active',NULL,'2019-02-19 17:01:25','2019-02-19 17:01:25'),(22,1,'xlsx_05_Jan_19.xlsx','active',NULL,'2019-02-19 17:14:04','2019-02-19 17:14:04'),(23,1,'xlsx_07_Jan_19.xlsx','active',NULL,'2019-02-19 17:15:37','2019-02-19 17:15:37'),(24,1,'excel_05_Jan_19.xlsx','active',NULL,'2019-02-19 17:22:12','2019-02-19 17:22:12'),(25,2,'excel_12_feb_19.xlsx','active',NULL,'2019-02-20 04:13:15','2019-02-20 04:13:15'),(26,2,'excel_03_feb_19.xlsx','active',NULL,'2019-02-23 18:03:03','2019-02-23 18:03:03'),(27,2,'excel_04_feb_19.xlsx','active',NULL,'2019-02-23 18:03:23','2019-02-23 18:03:23'),(28,2,'excel_05_feb_19.xlsx','active',NULL,'2019-02-23 18:03:36','2019-02-23 18:03:36'),(29,2,'excel_06__feb_19.xlsx','active',NULL,'2019-02-23 18:03:50','2019-02-23 18:03:50'),(30,2,'excel_07_feb_19.xlsx','active',NULL,'2019-02-23 18:04:00','2019-02-23 18:04:00'),(31,2,'excel_10_feb__19.xlsx','active',NULL,'2019-02-23 18:04:14','2019-02-23 18:04:14'),(32,2,'excel_11_feb_19.xlsx','active',NULL,'2019-02-23 18:04:25','2019-02-23 18:04:25'),(33,2,'excel_12_feb__19.xlsx','active',NULL,'2019-02-23 18:04:36','2019-02-23 18:04:36'),(34,2,'excel_13_feb__19.xlsx','active',NULL,'2019-02-23 18:04:46','2019-02-23 18:04:46'),(35,2,'excel_14_feb_19.xlsx','active',NULL,'2019-02-23 18:04:56','2019-02-23 18:04:56'),(36,2,'excel_17__feb_19.xlsx','active',NULL,'2019-02-23 18:05:09','2019-02-23 18:05:09'),(37,2,'excel_18_feb_19.xlsx','active',NULL,'2019-02-23 18:05:21','2019-02-23 18:05:21'),(38,2,'excel_19__feb_19.xlsx','active',NULL,'2019-02-23 18:05:32','2019-02-23 18:05:32'),(39,2,'excel_20_feb_19.xlsx','active',NULL,'2019-02-24 17:54:29','2019-02-24 17:54:29'),(40,2,'excel_24_feb_19.xlsx','active',NULL,'2019-02-25 08:25:56','2019-02-25 08:25:56'),(41,2,'_155112744111_Jan_19.xlsx','active',NULL,'2019-02-25 20:44:02','2019-02-25 20:44:02'),(42,2,'excel_1551127571_11_Jan_19.xlsx','active',NULL,'2019-02-25 20:46:12','2019-02-25 20:46:12'),(43,2,'excel_1551242527_26_feb_19.xlsx','active',NULL,'2019-02-27 04:42:07','2019-02-27 04:42:07'),(44,2,'excel_1551243118_25_feb_19.xlsx','active',NULL,'2019-02-27 04:51:58','2019-02-27 04:51:58'),(45,2,'excel_1551244263_26_feb_19.xlsx','active',NULL,'2019-02-27 05:11:03','2019-02-27 05:11:03'),(46,2,'excel_1551587934_27_feb_19.xlsx','active',NULL,'2019-03-03 04:38:54','2019-03-03 04:38:54'),(47,2,'excel_1552524651_03_feb_19.xlsx','active',NULL,'2019-03-14 00:50:51','2019-03-14 00:50:51'),(48,2,'excel_1552524674_04_feb_19.xlsx','active',NULL,'2019-03-14 00:51:14','2019-03-14 00:51:14'),(49,2,'excel_1552524689_05_feb_19.xlsx','active',NULL,'2019-03-14 00:51:30','2019-03-14 00:51:30'),(50,2,'excel_1552524708_06__feb_19.xlsx','active',NULL,'2019-03-14 00:51:48','2019-03-14 00:51:48'),(51,2,'excel_1552524720_07_feb_19.xlsx','active',NULL,'2019-03-14 00:52:00','2019-03-14 00:52:00'),(52,2,'excel_1552524732_10_feb__19.xlsx','active',NULL,'2019-03-14 00:52:12','2019-03-14 00:52:12'),(53,2,'excel_1552524747_11_feb_19.xlsx','active',NULL,'2019-03-14 00:52:27','2019-03-14 00:52:27'),(54,2,'excel_1552539647_04__Mar_19.xlsx','active',NULL,'2019-03-14 05:00:47','2019-03-14 05:00:47'),(55,2,'excel_1552978344_12_Mar__19.xlsx','active',NULL,'2019-03-19 06:52:25','2019-03-19 06:52:25'),(56,2,'excel_1552978531_12_Mar__19.xlsx','active',NULL,'2019-03-19 06:55:32','2019-03-19 06:55:32'),(57,2,'excel_1552978982_13__Mar__19.xlsx','active',NULL,'2019-03-19 07:03:02','2019-03-19 07:03:02'),(58,2,'excel_1552979605_14__Mar_19.xlsx','active',NULL,'2019-03-19 07:13:25','2019-03-19 07:13:25'),(59,2,'excel_1553054513_18__Mar_19.xlsx','active',NULL,'2019-03-20 04:01:53','2019-03-20 04:01:53'),(60,2,'excel_1553054858_19___Mar_19.xlsx','active',NULL,'2019-03-20 04:07:38','2019-03-20 04:07:38'),(61,2,'excel_1553067324_10__Mar__19.xlsx','active',NULL,'2019-03-20 07:35:24','2019-03-20 07:35:24'),(62,2,'excel_1553068147_10__Mar__19.xlsx','active',NULL,'2019-03-20 07:49:07','2019-03-20 07:49:07'),(63,2,'excel_1553068314_10__Mar__19.xlsx','active',NULL,'2019-03-20 07:51:54','2019-03-20 07:51:54'),(64,2,'excel_1553068691_10__Mar__19.xlsx','active',NULL,'2019-03-20 07:58:12','2019-03-20 07:58:12'),(65,2,'excel_1553150717_20__Mar_19.xlsx','active',NULL,'2019-03-21 06:45:17','2019-03-21 06:45:17'),(66,2,'excel_1553411279_21___Mar__19.xlsx','active',NULL,'2019-03-24 07:08:00','2019-03-24 07:08:00'),(67,2,'excel_1553503741_24__Mar_19.xlsx','active',NULL,'2019-03-25 08:49:01','2019-03-25 08:49:01'),(68,2,'excel_1553660075_25__Mar__19.xlsx','active',NULL,'2019-03-27 04:14:35','2019-03-27 04:14:35'),(69,2,'excel_1553745008_27__Mar_19.xlsx','active',NULL,'2019-03-28 03:50:09','2019-03-28 03:50:09'),(70,2,'excel_1554004569_28__Mar_19.xlsx','active',NULL,'2019-03-31 03:56:10','2019-03-31 03:56:10'),(71,2,'excel_1554093360_31__Mar_19.xlsx','active',NULL,'2019-04-01 04:36:01','2019-04-01 04:36:01'),(72,2,'excel_1554806995_01__April__19.xlsx','active',NULL,'2019-04-09 10:49:55','2019-04-09 10:49:55'),(73,2,'excel_1554807065_02_April_19.xlsx','active',NULL,'2019-04-09 10:51:05','2019-04-09 10:51:05'),(74,2,'excel_1554807529_03__April_19.xlsx','active',NULL,'2019-04-09 10:58:49','2019-04-09 10:58:49'),(75,2,'excel_1554807548_04__April__19.xlsx','active',NULL,'2019-04-09 10:59:08','2019-04-09 10:59:08'),(76,2,'excel_1554807870_07__April__19.xlsx','active',NULL,'2019-04-09 11:04:30','2019-04-09 11:04:30'),(77,2,'excel_1554807888_08__April__19.xlsx','active',NULL,'2019-04-09 11:04:48','2019-04-09 11:04:48'),(78,2,'excel_1554812473_07__April__19.xlsx','active',NULL,'2019-04-09 12:21:13','2019-04-09 12:21:13'),(79,2,'excel_1554812796_07__April__19.xlsx','active',NULL,'2019-04-09 12:26:36','2019-04-09 12:26:36'),(80,2,'excel_1554876394_09_April_19.xlsx','active',NULL,'2019-04-10 06:06:34','2019-04-10 06:06:34'),(81,2,'excel_1555319097_10_April__19.xlsx','active',NULL,'2019-04-15 09:04:57','2019-04-15 09:04:57'),(82,2,'excel_1555319134_11__April_19.xlsx','active',NULL,'2019-04-15 09:05:34','2019-04-15 09:05:34'),(83,2,'excel_1555390591_15__April__19.xlsx','active',NULL,'2019-04-16 04:56:32','2019-04-16 04:56:32'),(84,2,'excel_1555475325_16_April__19.xlsx','active',NULL,'2019-04-17 04:28:45','2019-04-17 04:28:45'),(85,2,'excel_1555818775_17_April__19.xlsx','active',NULL,'2019-04-21 03:52:55','2019-04-21 03:52:55'),(86,2,'excel_1555818790_18_April__19.xlsx','active',NULL,'2019-04-21 03:53:10','2019-04-21 03:53:10'),(87,2,'excel_1555992772_21___April___19.xlsx','active',NULL,'2019-04-23 04:12:52','2019-04-23 04:12:52'),(88,2,'excel_1556079792_23__April__19.xlsx','active',NULL,'2019-04-24 04:23:13','2019-04-24 04:23:13'),(89,2,'excel_1556166255_24__April__19.xlsx','active',NULL,'2019-04-25 04:24:15','2019-04-25 04:24:15'),(90,2,'excel_1556443329_25__April__19.xlsx','active',NULL,'2019-04-28 09:22:09','2019-04-28 09:22:09'),(91,2,'excel_1556509753_28__April__19.xlsx','active',NULL,'2019-04-29 03:49:14','2019-04-29 03:49:14'),(92,2,'excel_1556605784_29__April__19.xlsx','active',NULL,'2019-04-30 06:29:44','2019-04-30 06:29:44'),(93,2,'excel_1556767220_30__April__19.xlsx','active',NULL,'2019-05-02 03:20:21','2019-05-02 03:20:21'),(94,2,'excel_1557975829_02__May__19.xlsx','active',NULL,'2019-05-16 03:03:50','2019-05-16 03:03:50'),(95,2,'excel_1557975851_05__May_19.xlsx','active',NULL,'2019-05-16 03:04:11','2019-05-16 03:04:11'),(96,2,'excel_1557976443_06_May_19.xlsx','active',NULL,'2019-05-16 03:14:03','2019-05-16 03:14:03'),(97,2,'excel_1557976483_07__May__19.xlsx','active',NULL,'2019-05-16 03:14:43','2019-05-16 03:14:43'),(98,2,'excel_1557976850_08__May__19.xlsx','active',NULL,'2019-05-16 03:20:51','2019-05-16 03:20:51'),(99,2,'excel_1557976869_09_May_19.xlsx','active',NULL,'2019-05-16 03:21:09','2019-05-16 03:21:09'),(100,2,'excel_1557977774_12__May__19.xlsx','active',NULL,'2019-05-16 03:36:15','2019-05-16 03:36:15'),(101,2,'excel_1557977792_13_May__19.xlsx','active',NULL,'2019-05-16 03:36:32','2019-05-16 03:36:32'),(102,2,'excel_1557977810_14__May_19.xlsx','active',NULL,'2019-05-16 03:36:50','2019-05-16 03:36:50'),(103,2,'excel_1557981501_02__May__19.xlsx','active',NULL,'2019-05-16 04:38:21','2019-05-16 04:38:21'),(104,2,'excel_1557985192_15__May__19.xlsx','active',NULL,'2019-05-16 05:39:52','2019-05-16 05:39:52'),(105,2,'excel_1558234216_16__May__19.xlsx','active',NULL,'2019-05-19 02:50:16','2019-05-19 02:50:16'),(106,2,'excel_1558842968_19__May_19.xlsx','active',NULL,'2019-05-26 03:56:09','2019-05-26 03:56:09'),(107,2,'excel_1558842993_20__May_19.xlsx','active',NULL,'2019-05-26 03:56:34','2019-05-26 03:56:34'),(108,2,'excel_1558843473_21__May__19.xlsx','active',NULL,'2019-05-26 04:04:33','2019-05-26 04:04:33'),(109,2,'excel_1558843496_22__May__19.xlsx','active',NULL,'2019-05-26 04:04:56','2019-05-26 04:04:56'),(110,2,'excel_1559024032_23__May_19.xlsx','active',NULL,'2019-05-28 06:13:53','2019-05-28 06:13:53'),(111,2,'excel_1559024054_26__May_19.xlsx','active',NULL,'2019-05-28 06:14:14','2019-05-28 06:14:14'),(112,2,'excel_1559024071_27__May_19.xlsx','active',NULL,'2019-05-28 06:14:31','2019-05-28 06:14:31'),(113,2,'excel_1559109173_28__May__19.xlsx','active',NULL,'2019-05-29 05:52:54','2019-05-29 05:52:54'),(114,2,'excel_1559540150_29__May_19.xlsx','active',NULL,'2019-06-03 05:35:51','2019-06-03 05:35:51'),(115,2,'excel_1559540169_30__May_19.xlsx','active',NULL,'2019-06-03 05:36:09','2019-06-03 05:36:09'),(116,2,'excel_1560744174_09__June_19.xlsx','active',NULL,'2019-06-17 04:02:55','2019-06-17 04:02:55'),(117,2,'excel_1560744200_03__June__19.xlsx','active',NULL,'2019-06-17 04:03:20','2019-06-17 04:03:20'),(118,2,'excel_1560744216_03__June__19.xlsx','active',NULL,'2019-06-17 04:03:36','2019-06-17 04:03:36'),(119,2,'excel_1560744593_12_June_19.xlsx','active',NULL,'2019-06-17 04:09:53','2019-06-17 04:09:53'),(120,2,'excel_1560744602_12_June_19.xlsx','active',NULL,'2019-06-17 04:10:02','2019-06-17 04:10:02'),(121,2,'excel_1560744624_11_June__19.xlsx','active',NULL,'2019-06-17 04:10:24','2019-06-17 04:10:24'),(122,2,'excel_1560744639_13__June__19.xlsx','active',NULL,'2019-06-17 04:10:39','2019-06-17 04:10:39'),(123,2,'excel_1560745306_16__June__19.xlsx','active',NULL,'2019-06-17 04:21:46','2019-06-17 04:21:46'),(124,2,'excel_1560745833_10__June__19.xlsx','active',NULL,'2019-06-17 04:30:34','2019-06-17 04:30:34'),(125,2,'excel_1560833206_17__June_19.xlsx','active',NULL,'2019-06-18 04:46:46','2019-06-18 04:46:46'),(126,2,'excel_1560918978_18__June_19.xlsx','active',NULL,'2019-06-19 04:36:18','2019-06-19 04:36:18'),(127,2,'excel_1561450949_19__June__19.xlsx','active',NULL,'2019-06-25 08:22:29','2019-06-25 08:22:29'),(128,2,'excel_1561450975_20__June__19.xlsx','active',NULL,'2019-06-25 08:22:55','2019-06-25 08:22:55'),(129,2,'excel_1561452087_24__June__19.xlsx','active',NULL,'2019-06-25 08:41:27','2019-06-25 08:41:27'),(130,2,'excel_1561452104_23__June_19.xlsx','active',NULL,'2019-06-25 08:41:44','2019-06-25 08:41:44'),(131,2,'excel_1561921333_26__June_19.xlsx','active',NULL,'2019-06-30 19:02:13','2019-06-30 19:02:13'),(132,2,'excel_1561921364_27___Jun_e_19.xlsx','active',NULL,'2019-06-30 19:02:44','2019-06-30 19:02:44'),(133,2,'excel_1561921534_25__June_19.xlsx','active',NULL,'2019-06-30 19:05:35','2019-06-30 19:05:35'),(134,2,'excel_1562082111_30__June__19.xlsx','active',NULL,'2019-07-02 15:41:51','2019-07-02 15:41:51'),(135,2,'excel_1563029804_03__July_19.xlsx','active',NULL,'2019-07-13 14:56:44','2019-07-13 14:56:44'),(136,2,'excel_1563029822_04__July__19.xlsx','active',NULL,'2019-07-13 14:57:03','2019-07-13 14:57:03'),(137,2,'excel_1563030121_08July_19.xlsx','active',NULL,'2019-07-13 15:02:01','2019-07-13 15:02:01'),(138,2,'excel_1563030217_07__July__19.xlsx','active',NULL,'2019-07-13 15:03:39','2019-07-13 15:03:39'),(139,2,'excel_1563030257_09__July___19.xlsx','active',NULL,'2019-07-13 15:04:17','2019-07-13 15:04:17'),(140,2,'excel_1563126961_02__July__19.xlsx','active',NULL,'2019-07-14 17:56:01','2019-07-14 17:56:01'),(141,2,'excel_1563127199_11__July__19.xlsx','active',NULL,'2019-07-14 17:59:59','2019-07-14 17:59:59'),(142,2,'excel_1563127287_11__July__19.xlsx','active',NULL,'2019-07-14 18:01:27','2019-07-14 18:01:27'),(143,2,'excel_1563151800_10__July__19.xlsx','active',NULL,'2019-07-15 00:50:01','2019-07-15 00:50:01'),(144,2,'excel_1563290857_15___July___19.xlsx','active',NULL,'2019-07-16 15:27:37','2019-07-16 15:27:37'),(145,2,'excel_1563290943_14__July__19.xlsx','active',NULL,'2019-07-16 15:29:03','2019-07-16 15:29:03'),(146,2,'excel_1563379592_16__July___19.xlsx','active',NULL,'2019-07-17 16:06:32','2019-07-17 16:06:32'),(147,2,'excel_1563724591_17__July__19.xlsx','active',NULL,'2019-07-21 15:56:31','2019-07-21 15:56:31'),(148,2,'excel_1563724603_18___July___19.xlsx','active',NULL,'2019-07-21 15:56:43','2019-07-21 15:56:43'),(149,2,'excel_1563807976_21__July__19.xlsx','active',NULL,'2019-07-22 15:06:19','2019-07-22 15:06:19'),(150,2,'excel_1563896883_21__July__19.xlsx','active',NULL,'2019-07-23 15:48:05','2019-07-23 15:48:05'),(151,2,'excel_1564031185_22__July__19.xlsx','active',NULL,'2019-07-25 05:06:25','2019-07-25 05:06:25'),(152,2,'excel_1564031306_23___July__19.xlsx','active',NULL,'2019-07-25 05:08:27','2019-07-25 05:08:27'),(153,2,'excel_1564328343_24__July__19.xlsx','active',NULL,'2019-07-28 15:39:06','2019-07-28 15:39:06'),(154,2,'excel_1564330969_24__July__19.xlsx','active',NULL,'2019-07-28 16:22:49','2019-07-28 16:22:49'),(155,2,'excel_1564335195_25__July__19.xlsx','active',NULL,'2019-07-28 17:33:16','2019-07-28 17:33:16'),(156,2,'excel_1564421455_28___July__19.xlsx','active',NULL,'2019-07-29 17:30:55','2019-07-29 17:30:55'),(157,2,'excel_1564511191_29___July__19.xlsx','active',NULL,'2019-07-30 18:26:31','2019-07-30 18:26:31'),(158,2,'excel_1564589471_30___July__19.xlsx','active',NULL,'2019-07-31 16:11:12','2019-07-31 16:11:12'),(159,2,'excel_1564681633_31_July__19.xlsx','active',NULL,'2019-08-01 17:47:13','2019-08-01 17:47:13'),(160,2,'excel_1566142325_01__Aug_19.xlsx','active',NULL,'2019-08-18 15:32:06','2019-08-18 15:32:06'),(161,2,'excel_1566142356_04__Aug__19.xlsx','active',NULL,'2019-08-18 15:32:38','2019-08-18 15:32:38'),(162,2,'excel_1566142389_05__Aug_19.xlsx','active',NULL,'2019-08-18 15:33:10','2019-08-18 15:33:10'),(163,2,'excel_1566143453_06__Aug__19.xlsx','active',NULL,'2019-08-18 15:50:53','2019-08-18 15:50:53'),(164,2,'excel_1566143479_07_Aug__19.xlsx','active',NULL,'2019-08-18 15:51:20','2019-08-18 15:51:20'),(165,2,'excel_1566143506_08__Aug__19.xlsx','active',NULL,'2019-08-18 15:51:46','2019-08-18 15:51:46'),(166,2,'excel_1566143645_14__Aug__19.xlsx','active',NULL,'2019-08-18 15:54:06','2019-08-18 15:54:06'),(167,2,'excel_1566228851_18__Aug__19.xlsx','active',NULL,'2019-08-19 15:34:12','2019-08-19 15:34:12'),(168,2,'excel_1566312454_19___Aug__19.xlsx','active',NULL,'2019-08-20 14:47:35','2019-08-20 14:47:35'),(169,2,'excel_1566402629_20___Aug__19.xlsx','active',NULL,'2019-08-21 15:50:30','2019-08-21 15:50:30'),(170,2,'excel_1566492401_21__Aug__19.xlsx','active',NULL,'2019-08-22 16:46:41','2019-08-22 16:46:41'),(171,2,'excel_1566754493_22__Aug_19.xlsx','active',NULL,'2019-08-25 17:34:54','2019-08-25 17:34:54'),(172,2,'excel_1566838081_25__Aug__19.xlsx','active',NULL,'2019-08-26 16:48:02','2019-08-26 16:48:02'),(173,2,'excel_1566922642_26__Aug_19.xlsx','active',NULL,'2019-08-27 16:17:23','2019-08-27 16:17:23'),(174,2,'excel_1567010978_26__Aug_19.xlsx','active',NULL,'2019-08-28 16:49:38','2019-08-28 16:49:38'),(175,2,'excel_1567100711_27__Aug__19.xlsx','active',NULL,'2019-08-29 17:45:12','2019-08-29 17:45:12'),(176,2,'excel_1567100789_28__Aug_19.xlsx','active',NULL,'2019-08-29 17:46:30','2019-08-29 17:46:30'),(177,2,'excel_1567472674_29__Aug_19.xlsx','active',NULL,'2019-09-03 01:04:34','2019-09-03 01:04:34'),(178,2,'excel_1568251026_03__September_19.xlsx','active',NULL,'2019-09-12 01:17:07','2019-09-12 01:17:07'),(179,2,'excel_1568251043_08__September__19.xlsx','active',NULL,'2019-09-12 01:17:23','2019-09-12 01:17:23'),(180,2,'excel_1568251061_02__September__19.xlsx','active',NULL,'2019-09-12 01:17:41','2019-09-12 01:17:41'),(181,2,'excel_1568251076_09__September_19.xlsx','active',NULL,'2019-09-12 01:17:57','2019-09-12 01:17:57'),(182,2,'excel_1568251099_05__September_19.xlsx','active',NULL,'2019-09-12 01:18:19','2019-09-12 01:18:19'),(183,2,'excel_1568251119_TXN.xlsx','active',NULL,'2019-09-12 01:18:39','2019-09-12 01:18:39'),(184,2,'excel_1568251132_TXN.xlsx','active',NULL,'2019-09-12 01:18:52','2019-09-12 01:18:52'),(185,2,'excel_1568251621_02__September__19.xlsx','active',NULL,'2019-09-12 01:27:05','2019-09-12 01:27:05'),(186,2,'excel_1568341742_02__September__19.xlsx','active',NULL,'2019-09-13 02:29:05','2019-09-13 02:29:05'),(187,2,'excel_1568341763_03__September_19.xlsx','active',NULL,'2019-09-13 02:29:23','2019-09-13 02:29:23'),(188,2,'excel_1568341782_04__September__19.xlsx','active',NULL,'2019-09-13 02:29:42','2019-09-13 02:29:42'),(189,2,'excel_1568341898_02__September__19.xlsx','active',NULL,'2019-09-13 02:31:39','2019-09-13 02:31:39'),(190,2,'excel_1568341915_03__September_19.xlsx','active',NULL,'2019-09-13 02:31:55','2019-09-13 02:31:55'),(191,2,'excel_1568341927_04__September__19.xlsx','active',NULL,'2019-09-13 02:32:07','2019-09-13 02:32:07'),(192,2,'excel_1568342247_02__Sep__19.xlsx','active',NULL,'2019-09-13 02:37:27','2019-09-13 02:37:27'),(193,2,'excel_1568342311_03__Sep_19.xlsx','active',NULL,'2019-09-13 02:38:31','2019-09-13 02:38:31'),(194,2,'excel_1568344489_01__September_19.xlsx','active',NULL,'2019-09-13 03:14:49','2019-09-13 03:14:49'),(195,2,'excel_1568361143_01__September_19.xlsx','active',NULL,'2019-09-13 07:52:23','2019-09-13 07:52:23'),(196,2,'excel_1568363496_01__September_19.xlsx','active',NULL,'2019-09-13 08:31:37','2019-09-13 08:31:37'),(197,2,'excel_1568399576_05__September_19.xlsx','active',NULL,'2019-09-13 18:32:57','2019-09-13 18:32:57'),(198,2,'excel_1568399657_04__Sep__19.xlsx','active',NULL,'2019-09-13 18:34:18','2019-09-13 18:34:18'),(199,2,'excel_1568400472_02__Sep__19.xlsx','active',NULL,'2019-09-13 18:47:52','2019-09-13 18:47:52'),(200,2,'excel_1568429821_01__September_19.xlsx','active',NULL,'2019-09-14 02:57:02','2019-09-14 02:57:02'),(201,2,'excel_1568432789_01__September_19.xlsx','active',NULL,'2019-09-14 03:46:29','2019-09-14 03:46:29'),(202,2,'excel_1568482536_05__September_19.xlsx','active',NULL,'2019-09-14 17:35:36','2019-09-14 17:35:36'),(203,2,'excel_1568483290_04__September__19.xlsx','active',NULL,'2019-09-14 17:48:10','2019-09-14 17:48:10'),(204,2,'excel_1568483308_03__September_19.xlsx','active',NULL,'2019-09-14 17:48:29','2019-09-14 17:48:29'),(205,2,'excel_1568483333_02__September__19.xlsx','active',NULL,'2019-09-14 17:48:54','2019-09-14 17:48:54'),(206,2,'excel_1568483349_01__September_19.xlsx','active',NULL,'2019-09-14 17:49:09','2019-09-14 17:49:09'),(207,2,'excel_1568483358_09__September_19.xlsx','active',NULL,'2019-09-14 17:49:18','2019-09-14 17:49:18'),(208,2,'excel_1568483371_08__September__19.xlsx','active',NULL,'2019-09-14 17:49:31','2019-09-14 17:49:31'),(209,2,'excel_1568597020_11__Sept__19.xlsx','active',NULL,'2019-09-16 01:23:40','2019-09-16 01:23:40'),(210,2,'excel_1568597031_12__Sept__19.xlsx','active',NULL,'2019-09-16 01:23:52','2019-09-16 01:23:52'),(211,2,'excel_1568597281_11__Sept__19.xlsx','active',NULL,'2019-09-16 01:28:02','2019-09-16 01:28:02'),(212,2,'excel_1568597379_11__Sept__19.xlsx','active',NULL,'2019-09-16 01:29:39','2019-09-16 01:29:39'),(213,2,'excel_1568597395_12__Sept__19.xlsx','active',NULL,'2019-09-16 01:29:56','2019-09-16 01:29:56'),(214,2,'excel_1568597556_11__Sept__19.xlsx','active',NULL,'2019-09-16 01:32:37','2019-09-16 01:32:37'),(215,2,'excel_1568597575_12__Sept__19.xlsx','active',NULL,'2019-09-16 01:32:55','2019-09-16 01:32:55'),(216,2,'excel_1568597622_12__Sept__19.xlsx','active',NULL,'2019-09-16 01:33:42','2019-09-16 01:33:42'),(217,2,'excel_1568651672_15___Sept_19.xlsx','active',NULL,'2019-09-16 16:34:34','2019-09-16 16:34:34'),(218,2,'excel_1568826264_16___Sept__19.xlsx','active',NULL,'2019-09-18 17:04:24','2019-09-18 17:04:24'),(219,2,'excel_1568826274_17__Sept_19.xlsx','active',NULL,'2019-09-18 17:04:34','2019-09-18 17:04:34'),(220,2,'excel_1568826332_17__Sept_19.xlsx','active',NULL,'2019-09-18 17:05:32','2019-09-18 17:05:32'),(221,2,'excel_1568826359_16___Sept__19.xlsx','active',NULL,'2019-09-18 17:05:59','2019-09-18 17:05:59'),(222,2,'excel_1568943768_18__Sept__19.xlsx','active',NULL,'2019-09-20 01:42:48','2019-09-20 01:42:48'),(223,2,'excel_1569202866_19__Sept_19.xlsx','active',NULL,'2019-09-23 01:41:07','2019-09-23 01:41:07'),(224,2,'excel_1569258577_19__Sept_19.xlsx','active',NULL,'2019-09-23 17:09:37','2019-09-23 17:09:37'),(225,2,'excel_1569258739_22__Sept_19.xlsx','active',NULL,'2019-09-23 17:12:20','2019-09-23 17:12:20'),(226,2,'excel_1569258789_22__Sept_19.xlsx','active',NULL,'2019-09-23 17:13:10','2019-09-23 17:13:10'),(227,2,'excel_1569372120_23__Sept__19.xlsx','active',NULL,'2019-09-25 00:42:02','2019-09-25 00:42:02'),(228,1,'excel_1571252859_01_Nov_18.xlsx','active',NULL,'2019-10-16 19:07:40','2019-10-16 19:07:40'),(229,2,'excel_1571789982_06__Oct__19.xlsx','active',NULL,'2019-10-23 00:19:42','2019-10-23 00:19:42'),(230,2,'excel_1571789999_07__Oct__19.xlsx','active',NULL,'2019-10-23 00:19:59','2019-10-23 00:19:59'),(231,2,'excel_1571790267_TXN.xlsx','active',NULL,'2019-10-23 00:24:27','2019-10-23 00:24:27'),(232,2,'excel_1571790283_TXN.xlsx','active',NULL,'2019-10-23 00:24:43','2019-10-23 00:24:43'),(233,2,'excel_1571790568_12__Sept__19.xlsx','active',NULL,'2019-10-23 00:29:28','2019-10-23 00:29:28'),(234,2,'excel_1571790581_13__Oct_19.xlsx','active',NULL,'2019-10-23 00:29:42','2019-10-23 00:29:42'),(235,2,'excel_1571790595_14___Oct_19.xlsx','active',NULL,'2019-10-23 00:29:55','2019-10-23 00:29:55'),(236,2,'excel_1571813299_06__Oct__19.xlsx','active',NULL,'2019-10-23 06:48:19','2019-10-23 06:48:19'),(237,2,'excel_1571813317_07__Oct__19.xlsx','active',NULL,'2019-10-23 06:48:37','2019-10-23 06:48:37'),(238,2,'excel_1571813677_09__Oct_19.xlsx','active',NULL,'2019-10-23 06:54:37','2019-10-23 06:54:37'),(239,2,'excel_1571816559_10__Oct__19.xlsx','active',NULL,'2019-10-23 07:42:39','2019-10-23 07:42:39'),(240,2,'excel_1571825580_15___Oct__19.xlsx','active',NULL,'2019-10-23 10:13:00','2019-10-23 10:13:00'),(241,2,'excel_1571825597_16__Oct_19.xlsx','active',NULL,'2019-10-23 10:13:17','2019-10-23 10:13:17'),(242,2,'excel_1571825613_17__OCT_19.xlsx','active',NULL,'2019-10-23 10:13:33','2019-10-23 10:13:33'),(243,2,'excel_1571825951_20_Oct__19.xlsx','active',NULL,'2019-10-23 10:19:12','2019-10-23 10:19:12'),(244,2,'excel_1571825966_20_Oct__19.xlsx','active',NULL,'2019-10-23 10:19:26','2019-10-23 10:19:26'),(245,2,'excel_1571825974_20_Oct__19.xlsx','active',NULL,'2019-10-23 10:19:34','2019-10-23 10:19:34'),(246,2,'excel_1571826202_22__Oct_19.xlsx','active',NULL,'2019-10-23 10:23:22','2019-10-23 10:23:22'),(247,2,'excel_1571826226_21__Oct_19.xlsx','active',NULL,'2019-10-23 10:23:47','2019-10-23 10:23:47'),(248,2,'excel_1571826238_21__Oct_19.xlsx','active',NULL,'2019-10-23 10:23:59','2019-10-23 10:23:59'),(249,2,'excel_1572092004_23__Oct_19.xlsx','active',NULL,'2019-10-26 12:13:24','2019-10-26 12:13:24'),(250,2,'excel_1572148900_24__Oct_19.xlsx','active',NULL,'2019-10-27 04:01:40','2019-10-27 04:01:40'),(251,2,'excel_1572234929_27__Oct_19.xlsx','active',NULL,'2019-10-28 03:55:29','2019-10-28 03:55:29'),(252,2,'excel_1572323074_28__Oct_19.xlsx','active',NULL,'2019-10-29 04:24:35','2019-10-29 04:24:35'),(253,2,'excel_1572408739_29__Oct_19.xlsx','active',NULL,'2019-10-30 04:12:22','2019-10-30 04:12:22'),(254,2,'excel_1572497278_30__Oct_19.xlsx','active',NULL,'2019-10-31 04:47:59','2019-10-31 04:47:59'),(255,2,'excel_1572754726_31_Oct_19.xlsx','active',NULL,'2019-11-03 04:18:46','2019-11-03 04:18:46'),(256,2,'excel_1573110694_03__Nov_19.xlsx','active',NULL,'2019-11-07 07:11:34','2019-11-07 07:11:34'),(257,2,'excel_1573110709_04__Nov_19.xlsx','active',NULL,'2019-11-07 07:11:49','2019-11-07 07:11:49'),(258,2,'excel_1573110729_05__Nov_19.xlsx','active',NULL,'2019-11-07 07:12:09','2019-11-07 07:12:09'),(259,2,'excel_1573111085_06__Nov_19.xlsx','active',NULL,'2019-11-07 07:18:05','2019-11-07 07:18:05'),(260,2,'excel_1573452148_07__Nov_19.xlsx','active',NULL,'2019-11-11 06:02:29','2019-11-11 06:02:29'),(261,2,'excel_1573545735_11__Nov_19.xlsx','active',NULL,'2019-11-12 08:02:16','2019-11-12 08:02:16'),(262,2,'excel_1573617914_12__Nov_19.xlsx','active',NULL,'2019-11-13 04:05:15','2019-11-13 04:05:15'),(263,2,'excel_1573618013_12__Nov_19.xlsx','active',NULL,'2019-11-13 04:06:53','2019-11-13 04:06:53'),(264,2,'excel_1573641108_03__Nov_19.xlsx','active',NULL,'2019-11-13 10:31:49','2019-11-13 10:31:49'),(265,2,'excel_1573644253_03__Nov_19.xlsx','active',NULL,'2019-11-13 11:24:13','2019-11-13 11:24:13'),(266,2,'excel_1573731207_13__Nov_19.xlsx','active',NULL,'2019-11-14 11:33:27','2019-11-14 11:33:27'),(267,2,'excel_1573969552_14__Nov_19.xlsx','active',NULL,'2019-11-17 05:45:53','2019-11-17 05:45:53'),(268,2,'excel_1573974478_03__Nov_19.xlsx','active',NULL,'2019-11-17 07:07:59','2019-11-17 07:07:59'),(269,2,'excel_1573974489_03__Nov_19.xlsx','active',NULL,'2019-11-17 07:08:10','2019-11-17 07:08:10'),(270,2,'excel_1574075020_17__Nov_19.xlsx','active',NULL,'2019-11-18 11:03:41','2019-11-18 11:03:41'),(271,2,'excel_1574226153_18__Nov_19.xlsx','active',NULL,'2019-11-20 05:02:33','2019-11-20 05:02:33'),(272,2,'excel_1574226178_19__Nov_19.xlsx','active',NULL,'2019-11-20 05:02:59','2019-11-20 05:02:59'),(273,2,'excel_1574229747_14__Nov_19.xlsx','active',NULL,'2019-11-20 06:02:27','2019-11-20 06:02:27'),(274,2,'excel_1574567899_20__Nov_19.xlsx','active',NULL,'2019-11-24 03:58:19','2019-11-24 03:58:19'),(275,2,'excel_1574567916_21__Nov_19.xlsx','active',NULL,'2019-11-24 03:58:36','2019-11-24 03:58:36'),(276,2,'excel_1574740597_24__Nov_19.xlsx','active',NULL,'2019-11-26 03:56:37','2019-11-26 03:56:37'),(277,2,'excel_1574740621_25__Nov_19.xlsx','active',NULL,'2019-11-26 03:57:01','2019-11-26 03:57:01'),(278,2,'excel_1574827997_26__Nov_19.xlsx','active',NULL,'2019-11-27 04:13:17','2019-11-27 04:13:17'),(279,2,'excel_1575178319_28__Nov_19.xlsx','active',NULL,'2019-12-01 05:31:59','2019-12-01 05:31:59'),(280,2,'excel_1575178550_26__Nov_19.xlsx','active',NULL,'2019-12-01 05:35:51','2019-12-01 05:35:51'),(281,2,'excel_1575730716_27.xlsx','active',NULL,'2019-12-07 14:58:38','2019-12-07 14:58:38'),(282,2,'excel_1575891196_01__Dec_19.xlsx','active',NULL,'2019-12-09 11:33:17','2019-12-09 11:33:17'),(283,2,'excel_1575891212_02__Dec_19.xlsx','active',NULL,'2019-12-09 11:33:33','2019-12-09 11:33:33'),(284,2,'excel_1575891231_03__Dec_19.xlsx','active',NULL,'2019-12-09 11:33:51','2019-12-09 11:33:51'),(285,2,'excel_1575891246_04__Dec_19.xlsx','active',NULL,'2019-12-09 11:34:06','2019-12-09 11:34:06'),(286,2,'excel_1575891262_05__Dec_19.xlsx','active',NULL,'2019-12-09 11:34:22','2019-12-09 11:34:22'),(287,2,'excel_1575891298_08__Dec_19.xlsx','active',NULL,'2019-12-09 11:34:58','2019-12-09 11:34:58'),(288,2,'excel_1575960185_09__Dec_19.xlsx','active',NULL,'2019-12-10 06:43:05','2019-12-10 06:43:05'),(289,2,'excel_1576039181_10__Dec_19.xlsx','active',NULL,'2019-12-11 04:39:42','2019-12-11 04:39:42'),(290,2,'excel_1576122180_11__Dec_19.xlsx','active',NULL,'2019-12-12 03:43:00','2019-12-12 03:43:00'),(291,2,'excel_1576381263_12__Dec_19.xlsx','active',NULL,'2019-12-15 03:41:04','2019-12-15 03:41:04'),(292,2,'excel_1576553258_15__Dec_19.xlsx','active',NULL,'2019-12-17 03:27:38','2019-12-17 03:27:38'),(293,2,'excel_1576640039_17__Dec_19.xlsx','active',NULL,'2019-12-18 03:33:59','2019-12-18 03:33:59'),(294,2,'excel_1576731321_18__Dec_19.xlsx','active',NULL,'2019-12-19 04:55:22','2019-12-19 04:55:22'),(295,2,'excel_1576990574_19__Dec_19.xlsx','active',NULL,'2019-12-22 04:56:14','2019-12-22 04:56:14'),(296,2,'excel_1577070741_22__Dec_19.xlsx','active',NULL,'2019-12-23 03:12:21','2019-12-23 03:12:21'),(297,2,'excel_1577173297_23__Dec_19.xlsx','active',NULL,'2019-12-24 07:41:37','2019-12-24 07:41:37'),(298,2,'excel_1577333983_24__Dec_19.xlsx','active',NULL,'2019-12-26 04:19:43','2019-12-26 04:19:43'),(299,2,'excel_1577676514_26__Dec_19.xlsx','active',NULL,'2019-12-30 03:28:34','2019-12-30 03:28:34'),(300,2,'excel_1577676533_29__Dec_19.xlsx','active',NULL,'2019-12-30 03:28:53','2019-12-30 03:28:53'),(301,2,'excel_1577854710_30__Dec_19.xlsx','active',NULL,'2020-01-01 04:58:30','2020-01-01 04:58:30'),(302,2,'excel_1578564094_01__Ian_20.xlsx','active',NULL,'2020-01-09 10:01:35','2020-01-09 10:01:35'),(303,2,'excel_1578564111_02__Ian_20.xlsx','active',NULL,'2020-01-09 10:01:51','2020-01-09 10:01:51'),(304,2,'excel_1578564127_05__Ian_20.xlsx','active',NULL,'2020-01-09 10:02:08','2020-01-09 10:02:08'),(305,2,'excel_1578564145_06__Ian_20.xlsx','active',NULL,'2020-01-09 10:02:25','2020-01-09 10:02:25'),(306,2,'excel_1578564175_08__Ian_20.xlsx','active',NULL,'2020-01-09 10:02:56','2020-01-09 10:02:56'),(307,2,'excel_1578564843_07__Ian_20.xlsx','active',NULL,'2020-01-09 10:14:03','2020-01-09 10:14:03'),(308,2,'excel_1578805980_09__Ian_20.xlsx','active',NULL,'2020-01-12 05:13:00','2020-01-12 05:13:00'),(309,2,'excel_1578805999_09__Ian_20.xlsx','active',NULL,'2020-01-12 05:13:20','2020-01-12 05:13:20'),(310,2,'excel_1578973726_12__Ian_20.xlsx','active',NULL,'2020-01-14 03:48:46','2020-01-14 03:48:46'),(311,2,'excel_1578973742_13__Ian_20.xlsx','active',NULL,'2020-01-14 03:49:03','2020-01-14 03:49:03'),(312,2,'excel_1579065277_14__Ian_20.xlsx','active',NULL,'2020-01-15 05:14:37','2020-01-15 05:14:37'),(313,2,'excel_1579065308_14__Ian_20.xlsx','active',NULL,'2020-01-15 05:15:09','2020-01-15 05:15:09'),(314,2,'excel_1579447060_16__Ian_20.xlsx','active',NULL,'2020-01-19 15:17:40','2020-01-19 15:17:40'),(315,2,'excel_1579705503_19__Ian_20.xlsx','active',NULL,'2020-01-22 15:05:03','2020-01-22 15:05:03'),(316,2,'excel_1579705528_21__Ian_20.xlsx','active',NULL,'2020-01-22 15:05:28','2020-01-22 15:05:28'),(317,2,'excel_1579705987_20__Ian_20.xlsx','active',NULL,'2020-01-22 15:13:07','2020-01-22 15:13:07'),(318,2,'excel_1579974618_22__Ian_20.xlsx','active',NULL,'2020-01-25 17:50:18','2020-01-25 17:50:18'),(319,2,'excel_1580054105_23__Ian_20.xlsx','active',NULL,'2020-01-26 15:55:06','2020-01-26 15:55:06'),(320,2,'excel_1580140196_26__Ian_20.xlsx','active',NULL,'2020-01-27 15:49:56','2020-01-27 15:49:56'),(321,2,'excel_1580231147_27__Ian_20.xlsx','active',NULL,'2020-01-28 17:05:48','2020-01-28 17:05:48'),(322,2,'excel_1580315353_28__Ian_20.xlsx','active',NULL,'2020-01-29 16:29:14','2020-01-29 16:29:14'),(323,2,'excel_1580397077_29__Ian_20.xlsx','active',NULL,'2020-01-30 15:11:17','2020-01-30 15:11:17'),(324,2,'excel_1580660294_30__Ian_20.xlsx','active',NULL,'2020-02-02 16:18:14','2020-02-02 16:18:14'),(325,2,'excel_1580862993_03__Feb_20.xlsx','active',NULL,'2020-02-05 00:36:33','2020-02-05 00:36:33'),(326,2,'excel_1580920159_02__Feb_20.xlsx','active',NULL,'2020-02-05 16:29:20','2020-02-05 16:29:20'),(327,2,'excel_1580920212_04__Feb_20.xlsx','active',NULL,'2020-02-05 16:30:12','2020-02-05 16:30:12'),(328,2,'excel_1581013146_05__Feb_20.xlsx','active',NULL,'2020-02-06 18:19:06','2020-02-06 18:19:06'),(329,2,'excel_1581013697_05__Feb_20.xlsx','active',NULL,'2020-02-06 18:28:18','2020-02-06 18:28:18'),(330,2,'excel_1581350608_09__Feb_20.xlsx','active',NULL,'2020-02-10 16:03:31','2020-02-10 16:03:31'),(331,2,'excel_1581350768_06__Feb_20.xlsx','active',NULL,'2020-02-10 16:06:09','2020-02-10 16:06:09'),(332,2,'excel_1581440627_10__Feb_20.xlsx','active',NULL,'2020-02-11 17:03:47','2020-02-11 17:03:47'),(333,2,'excel_1581526010_11__Feb_20.xlsx','active',NULL,'2020-02-12 16:46:50','2020-02-12 16:46:50'),(334,2,'excel_1581611882_12__Feb_20.xlsx','active',NULL,'2020-02-13 16:38:02','2020-02-13 16:38:02'),(335,2,'excel_1581873633_13__Feb_20.xlsx','active',NULL,'2020-02-16 17:20:34','2020-02-16 17:20:34'),(336,2,'excel_1581961398_16__Feb_20.xlsx','active',NULL,'2020-02-17 17:43:19','2020-02-17 17:43:19'),(337,2,'excel_1582071828_17__Feb_20.xlsx','active',NULL,'2020-02-19 00:23:48','2020-02-19 00:23:48'),(338,2,'excel_1582130781_18__Feb_20.xlsx','active',NULL,'2020-02-19 16:46:22','2020-02-19 16:46:22'),(339,2,'excel_1582338698_19__Feb_20.xlsx','active',NULL,'2020-02-22 02:31:38','2020-02-22 02:31:38'),(340,2,'excel_1582475454_20__Feb_20.xlsx','active',NULL,'2020-02-23 16:30:55','2020-02-23 16:30:55'),(341,2,'excel_1582565347_23__Feb_20.xlsx','active',NULL,'2020-02-24 17:29:07','2020-02-24 17:29:07'),(342,2,'excel_1582648301_24__Feb_20.xlsx','active',NULL,'2020-02-25 16:31:41','2020-02-25 16:31:41'),(343,2,'excel_1582735939_25__Feb_20.xlsx','active',NULL,'2020-02-26 16:52:19','2020-02-26 16:52:19'),(344,2,'excel_1582940950_26__Feb_20.xlsx','active',NULL,'2020-02-29 01:49:10','2020-02-29 01:49:10'),(345,2,'excel_1583076908_27__Feb_20.xlsx','active',NULL,'2020-03-01 15:35:08','2020-03-01 15:35:08'),(346,2,'excel_1583249592_01__March_20.xlsx','active',NULL,'2020-03-03 15:33:12','2020-03-03 15:33:12'),(347,2,'excel_1583249606_02__March_20.xlsx','active',NULL,'2020-03-03 15:33:26','2020-03-03 15:33:26'),(348,2,'excel_1583331786_03__March_20.xlsx','active',NULL,'2020-03-04 14:23:06','2020-03-04 14:23:06'),(349,2,'excel_1583425921_04__March_20.xlsx','active',NULL,'2020-03-05 16:32:01','2020-03-05 16:32:01'),(350,2,'excel_1583681996_05__March_20.xlsx','active',NULL,'2020-03-08 15:39:57','2020-03-08 15:39:57'),(351,2,'excel_1583772846_08__March_20.xlsx','active',NULL,'2020-03-09 16:54:06','2020-03-09 16:54:06'),(352,2,'excel_1583859552_09__March_20.xlsx','active',NULL,'2020-03-10 16:59:12','2020-03-10 16:59:12'),(353,2,'excel_1584031536_10__March_20.xlsx','active',NULL,'2020-03-12 16:45:37','2020-03-12 16:45:37'),(354,2,'excel_1584031568_11__March_20.xlsx','active',NULL,'2020-03-12 16:46:08','2020-03-12 16:46:08'),(355,2,'excel_1584292601_12__March_20.xlsx','active',NULL,'2020-03-15 17:16:42','2020-03-15 17:16:42'),(356,2,'excel_1584409784_15__March_20.xlsx','active',NULL,'2020-03-17 01:49:45','2020-03-17 01:49:45'),(357,2,'excel_1584551322_16__March_20.xlsx','active',NULL,'2020-03-18 17:08:43','2020-03-18 17:08:43'),(358,2,'excel_1584730127_18__March_20.xlsx','active',NULL,'2020-03-20 18:48:47','2020-03-20 18:48:47'),(359,2,'excel_1584892446_19__March_20.xlsx','active',NULL,'2020-03-22 15:54:07','2020-03-22 15:54:07'),(360,2,'excel_1584975353_22__March_20.xlsx','active',NULL,'2020-03-23 14:55:53','2020-03-23 14:55:53'),(361,2,'excel_1586101774_TXN.xlsx','active',NULL,'2020-04-06 01:49:35','2020-04-06 01:49:35'),(362,2,'excel_1586101788_24__March_20.xlsx','active',NULL,'2020-04-06 01:49:48','2020-04-06 01:49:48'),(363,2,'excel_1586150727_25__March_20.xlsx','active',NULL,'2020-04-06 15:25:28','2020-04-06 15:25:28'),(364,2,'excel_1586150738_29__March_20.xlsx','active',NULL,'2020-04-06 15:25:38','2020-04-06 15:25:38'),(365,2,'excel_1586150752_30__March_20.xlsx','active',NULL,'2020-04-06 15:25:52','2020-04-06 15:25:52'),(366,2,'excel_1586230791_31__March_20.xlsx','active',NULL,'2020-04-07 13:39:51','2020-04-07 13:39:51'),(367,2,'excel_1586230817_TXN.xlsx','active',NULL,'2020-04-07 13:40:17','2020-04-07 13:40:17'),(368,2,'excel_1586700749_23__March_20.xlsx','active',NULL,'2020-04-13 00:12:29','2020-04-13 00:12:29'),(369,2,'excel_1587905688_01__April-_20.xlsx','active',NULL,'2020-04-26 22:54:48','2020-04-26 22:54:48'),(370,2,'excel_1587905699_02__April-_20.xlsx','active',NULL,'2020-04-26 22:54:59','2020-04-26 22:54:59'),(371,2,'excel_1587905718_05__April-_20.xlsx','active',NULL,'2020-04-26 22:55:18','2020-04-26 22:55:18'),(372,2,'excel_1587905729_06__April-_20.xlsx','active',NULL,'2020-04-26 22:55:30','2020-04-26 22:55:30'),(373,2,'excel_1587905743_07__April-_20.xlsx','active',NULL,'2020-04-26 22:55:43','2020-04-26 22:55:43'),(374,2,'excel_1588008396_08__April-_20.xlsx','active',NULL,'2020-04-28 03:26:36','2020-04-28 03:26:36'),(375,2,'excel_1588008411_09__April-_20.xlsx','active',NULL,'2020-04-28 03:26:51','2020-04-28 03:26:51'),(376,2,'excel_1588008426_12__April-_20.xlsx','active',NULL,'2020-04-28 03:27:06','2020-04-28 03:27:06'),(377,2,'excel_1588008442_13__April-_20.xlsx','active',NULL,'2020-04-28 03:27:22','2020-04-28 03:27:22'),(378,2,'excel_1588068062_15__April-_20.xlsx','active',NULL,'2020-04-28 20:01:02','2020-04-28 20:01:02'),(379,2,'excel_1588068084_16__April-_20.xlsx','active',NULL,'2020-04-28 20:01:24','2020-04-28 20:01:24'),(380,2,'excel_1588068097_19__April-_20.xlsx','active',NULL,'2020-04-28 20:01:37','2020-04-28 20:01:37'),(381,2,'excel_1588068117_20__April-_20.xlsx','active',NULL,'2020-04-28 20:01:57','2020-04-28 20:01:57'),(382,2,'excel_1588068131_21__April-_20.xlsx','active',NULL,'2020-04-28 20:02:11','2020-04-28 20:02:11'),(383,2,'excel_1588068144_22__April-_20.xlsx','active',NULL,'2020-04-28 20:02:24','2020-04-28 20:02:24'),(384,2,'excel_1588086595_23__April-_20.xlsx','active',NULL,'2020-04-29 01:09:55','2020-04-29 01:09:55'),(385,2,'excel_1588086620_26__April-_20.xlsx','active',NULL,'2020-04-29 01:10:20','2020-04-29 01:10:20'),(386,2,'excel_1588086639_27__April-_20.xlsx','active',NULL,'2020-04-29 01:10:39','2020-04-29 01:10:39'),(387,2,'excel_1590565651_29_April-20.xlsx','active',NULL,'2020-05-27 17:47:32','2020-05-27 17:47:32'),(388,2,'excel_1590565885_29_April-20.xlsx','active',NULL,'2020-05-27 17:51:25','2020-05-27 17:51:25'),(389,2,'excel_1591088887_31__May-_20.xlsx','active',NULL,'2020-06-02 19:08:07','2020-06-02 19:08:07'),(390,2,'excel_1591167329_03__May-_20.xlsx','active',NULL,'2020-06-03 16:55:29','2020-06-03 16:55:29'),(391,2,'excel_1591167348_04__May-_20.xlsx','active',NULL,'2020-06-03 16:55:48','2020-06-03 16:55:48'),(392,2,'excel_1591167364_05__May-_20.xlsx','active',NULL,'2020-06-03 16:56:05','2020-06-03 16:56:05'),(393,2,'excel_1591167383_07__May-_20.xlsx','active',NULL,'2020-06-03 16:56:23','2020-06-03 16:56:23'),(394,2,'excel_1591167408_10__May-_20.xlsx','active',NULL,'2020-06-03 16:56:48','2020-06-03 16:56:48'),(395,2,'excel_1591167420_11__May-_20.xlsx','active',NULL,'2020-06-03 16:57:00','2020-06-03 16:57:00'),(396,2,'excel_1591167431_12__May-_20.xlsx','active',NULL,'2020-06-03 16:57:11','2020-06-03 16:57:11'),(397,2,'excel_1591167578_13__May-_20.xlsx','active',NULL,'2020-06-03 16:59:38','2020-06-03 16:59:38'),(398,2,'excel_1591167589_14__May-_20.xlsx','active',NULL,'2020-06-03 16:59:49','2020-06-03 16:59:49'),(399,2,'excel_1591167601_17__May-_20.xlsx','active',NULL,'2020-06-03 17:00:02','2020-06-03 17:00:02'),(400,2,'excel_1591167612_18__May-_20.xlsx','active',NULL,'2020-06-03 17:00:13','2020-06-03 17:00:13'),(401,2,'excel_1591167624_TXN.xlsx','active',NULL,'2020-06-03 17:00:25','2020-06-03 17:00:25'),(402,2,'excel_1591167736_20__May-_20.xlsx','active',NULL,'2020-06-03 17:02:16','2020-06-03 17:02:16'),(403,2,'excel_1591181441_19__May-_20.xlsx','active',NULL,'2020-06-03 20:50:41','2020-06-03 20:50:41'),(404,2,'excel_1591181453_31__May-_20.xlsx','active',NULL,'2020-06-03 20:50:54','2020-06-03 20:50:54'),(405,2,'excel_1591181467_28__May-_20.xlsx','active',NULL,'2020-06-03 20:51:07','2020-06-03 20:51:07'),(406,2,'excel_1591181482_TXN.xlsx','active',NULL,'2020-06-03 20:51:22','2020-06-03 20:51:22'),(407,2,'excel_1591190145_20__May-_20.xlsx','active',NULL,'2020-06-03 23:15:46','2020-06-03 23:15:46'),(408,2,'excel_1591263082_20__May-_20.xlsx','active',NULL,'2020-06-04 19:31:22','2020-06-04 19:31:22'),(409,2,'excel_1591263095_27__May-_20.xlsx','active',NULL,'2020-06-04 19:31:36','2020-06-04 19:31:36'),(410,2,'excel_1591773622_01__June-_20.xlsx','active',NULL,'2020-06-10 17:20:22','2020-06-10 17:20:22'),(411,2,'excel_1591773636_02__June-_20.xlsx','active',NULL,'2020-06-10 17:20:36','2020-06-10 17:20:36'),(412,2,'excel_1591773651_03__June-_20.xlsx','active',NULL,'2020-06-10 17:20:51','2020-06-10 17:20:51'),(413,2,'excel_1591773663_04__June-_20.xlsx','active',NULL,'2020-06-10 17:21:03','2020-06-10 17:21:03'),(414,2,'excel_1591773681_07__June-_20.xlsx','active',NULL,'2020-06-10 17:21:21','2020-06-10 17:21:21'),(415,2,'excel_1591773696_08__June-_20.xlsx','active',NULL,'2020-06-10 17:21:37','2020-06-10 17:21:37'),(416,2,'excel_1591773964_09__June-_20.xlsx','active',NULL,'2020-06-10 17:26:05','2020-06-10 17:26:05'),(417,2,'excel_1592284634_10__June-_20.xlsx','active',NULL,'2020-06-16 15:17:14','2020-06-16 15:17:14'),(418,2,'excel_1592284701_11__June-_20.xlsx','active',NULL,'2020-06-16 15:18:21','2020-06-16 15:18:21'),(419,2,'excel_1592284757_14__June-_20.xlsx','active',NULL,'2020-06-16 15:19:17','2020-06-16 15:19:17'),(420,2,'excel_1592284779_15__June-_20.xlsx','active',NULL,'2020-06-16 15:19:39','2020-06-16 15:19:39'),(421,2,'excel_1592285099_15__June-_20.xlsx','active',NULL,'2020-06-16 15:25:00','2020-06-16 15:25:00'),(422,2,'excel_1592420291_16__June-_20.xlsx','active',NULL,'2020-06-18 04:58:11','2020-06-18 04:58:11'),(423,2,'excel_1592746401_17__June-_20.xlsx','active',NULL,'2020-06-21 23:33:21','2020-06-21 23:33:21'),(424,2,'excel_1592746413_18__June-_20.xlsx','active',NULL,'2020-06-21 23:33:33','2020-06-21 23:33:33'),(425,2,'excel_1592887217_21__June-_20.xlsx','active',NULL,'2020-06-23 14:40:18','2020-06-23 14:40:18'),(426,2,'excel_1592896474_22__June-_20.xlsx','active',NULL,'2020-06-23 17:14:35','2020-06-23 17:14:35'),(427,2,'excel_1593025858_23__June-_20.xlsx','active',NULL,'2020-06-25 05:10:58','2020-06-25 05:10:58'),(428,2,'excel_1593195364_24__June-_20.xlsx','active',NULL,'2020-06-27 04:16:04','2020-06-27 04:16:04'),(429,2,'excel_1593541618_25__June-_20.xlsx','active',NULL,'2020-07-01 04:26:58','2020-07-01 04:26:58'),(430,2,'excel_1593541696_28__June-_20.xlsx','active',NULL,'2020-07-01 04:28:17','2020-07-01 04:28:17'),(431,2,'excel_1593541716_29__June-_20.xlsx','active',NULL,'2020-07-01 04:28:36','2020-07-01 04:28:36'),(432,2,'excel_1593697892_30__June-_20.xlsx','active',NULL,'2020-07-02 23:51:33','2020-07-02 23:51:33'),(433,2,'excel_1594370391_02__July-_20.xlsx','active',NULL,'2020-07-10 18:39:52','2020-07-10 18:39:52'),(434,2,'excel_1594370444_05__July-_20.xlsx','active',NULL,'2020-07-10 18:40:44','2020-07-10 18:40:44'),(435,2,'excel_1594370937_06__July-_20.xlsx','active',NULL,'2020-07-10 18:48:57','2020-07-10 18:48:57'),(436,2,'excel_1594370947_07__July-_20.xlsx','active',NULL,'2020-07-10 18:49:08','2020-07-10 18:49:08'),(437,2,'excel_1594370965_08__July-_20.xlsx','active',NULL,'2020-07-10 18:49:25','2020-07-10 18:49:25'),(438,2,'excel_1594576589_09__July-_20.xlsx','active',NULL,'2020-07-13 03:56:29','2020-07-13 03:56:29'),(439,2,'excel_1594664001_12__July-_20.xlsx','active',NULL,'2020-07-14 04:13:22','2020-07-14 04:13:22'),(440,2,'excel_1594738001_13__July-_20.xlsx','active',NULL,'2020-07-15 00:46:41','2020-07-15 00:46:41'),(441,2,'excel_1594837146_14__July-_20.xlsx','active',NULL,'2020-07-16 04:19:06','2020-07-16 04:19:06'),(442,2,'excel_1594909897_15__July-_20.xlsx','active',NULL,'2020-07-17 00:31:37','2020-07-17 00:31:37'),(443,2,'excel_1595209327_16__July-_20.xlsx','active',NULL,'2020-07-20 11:42:07','2020-07-20 11:42:07'),(444,2,'excel_1595258894_19__July-_20.xlsx','active',NULL,'2020-07-21 01:28:14','2020-07-21 01:28:14'),(445,2,'excel_1595343265_20__July-_20.xlsx','active',NULL,'2020-07-22 00:54:26','2020-07-22 00:54:26'),(446,2,'excel_1595433173_21__July-_20.xlsx','active',NULL,'2020-07-23 01:52:53','2020-07-23 01:52:53'),(447,2,'excel_1595574399_22__July-_20.xlsx','active',NULL,'2020-07-24 17:06:39','2020-07-24 17:06:39'),(448,2,'excel_1595673026_21__July-_20.xlsx','active',NULL,'2020-07-25 20:30:27','2020-07-25 20:30:27'),(449,2,'excel_1595784205_23__July-_20.xlsx','active',NULL,'2020-07-27 03:23:26','2020-07-27 03:23:26'),(450,2,'excel_1595857300_26__July-_20.xlsx','active',NULL,'2020-07-27 23:41:41','2020-07-27 23:41:41'),(451,2,'excel_1595951364_27__July-_20.xlsx','active',NULL,'2020-07-29 01:49:25','2020-07-29 01:49:25'),(452,2,'excel_1596071957_28__July-_20.xlsx','active',NULL,'2020-07-30 11:19:17','2020-07-30 11:19:17'),(453,2,'excel_1596118057_29__July-_20.xlsx','active',NULL,'2020-07-31 00:07:37','2020-07-31 00:07:37'),(454,2,'excel_1596459454_30__July-_20.xlsx','active',NULL,'2020-08-03 22:57:34','2020-08-03 22:57:34'),(455,2,'excel_1597234473_03_August-_20.xlsx','active',NULL,'2020-08-12 22:14:33','2020-08-12 22:14:33'),(456,2,'excel_1597234506_04_August-_20.xlsx','active',NULL,'2020-08-12 22:15:06','2020-08-12 22:15:06'),(457,2,'excel_1597234534_05_August-_20.xlsx','active',NULL,'2020-08-12 22:15:34','2020-08-12 22:15:34'),(458,2,'excel_1597234606_06_August-_20.xlsx','active',NULL,'2020-08-12 22:16:46','2020-08-12 22:16:46'),(459,2,'excel_1597234691_09_August-_20.xlsx','active',NULL,'2020-08-12 22:18:11','2020-08-12 22:18:11'),(460,2,'excel_1597234796_10_August-_20.xlsx','active',NULL,'2020-08-12 22:19:57','2020-08-12 22:19:57'),(461,2,'excel_1597456740_12_August-_20.xlsx','active',NULL,'2020-08-15 11:59:00','2020-08-15 11:59:00'),(462,2,'excel_1597596404_13_August-_20.xlsx','active',NULL,'2020-08-17 02:46:45','2020-08-17 02:46:45'),(463,2,'excel_1597760829_16_August-_20.xlsx','active',NULL,'2020-08-19 00:27:09','2020-08-19 00:27:09'),(464,2,'excel_1597760839_17_August-_20.xlsx','active',NULL,'2020-08-19 00:27:19','2020-08-19 00:27:19'),(465,2,'excel_1597862114_18_August-_20.xlsx','active',NULL,'2020-08-20 04:35:14','2020-08-20 04:35:14'),(466,2,'excel_1598209099_19_August-_20.xlsx','active',NULL,'2020-08-24 04:58:19','2020-08-24 04:58:19'),(467,2,'excel_1598209112_20_August-_20.xlsx','active',NULL,'2020-08-24 04:58:32','2020-08-24 04:58:32'),(468,2,'excel_1598375742_23_August-_20.xlsx','active',NULL,'2020-08-26 03:15:43','2020-08-26 03:15:43'),(469,2,'excel_1598375755_24_August-_20.xlsx','active',NULL,'2020-08-26 03:15:55','2020-08-26 03:15:55'),(470,2,'excel_1598581662_25_August-_20.xlsx','active',NULL,'2020-08-28 12:27:42','2020-08-28 12:27:42'),(471,2,'excel_1598581701_26_August-_20.xlsx','active',NULL,'2020-08-28 12:28:22','2020-08-28 12:28:22'),(472,2,'excel_1598971335_27_August-_20.xlsx','active',NULL,'2020-09-02 00:42:15','2020-09-02 00:42:15'),(473,2,'excel_1598971370_31August-_20.xlsx','active',NULL,'2020-09-02 00:42:50','2020-09-02 00:42:50'),(474,2,'excel_1599913516_01__Sept-_20.xlsx','active',NULL,'2020-09-12 22:25:16','2020-09-12 22:25:16'),(475,2,'excel_1599913539_02__Sept-_20.xlsx','active',NULL,'2020-09-12 22:25:39','2020-09-12 22:25:39'),(476,2,'excel_1599913560_TXN.xlsx','active',NULL,'2020-09-12 22:26:00','2020-09-12 22:26:00'),(477,2,'excel_1599913578_06__Sept-_20.xlsx','active',NULL,'2020-09-12 22:26:18','2020-09-12 22:26:18'),(478,2,'excel_1599913590_08__Sept-_20.xlsx','active',NULL,'2020-09-12 22:26:30','2020-09-12 22:26:30'),(479,2,'excel_1599913805_09__Sept-_20.xlsx','active',NULL,'2020-09-12 22:30:06','2020-09-12 22:30:06'),(480,2,'excel_1599913915_03__Sept-_20.xlsx','active',NULL,'2020-09-12 22:31:55','2020-09-12 22:31:55'),(481,2,'excel_1599913938_07__Sept-_20.xlsx','active',NULL,'2020-09-12 22:32:19','2020-09-12 22:32:19'),(482,2,'excel_1600011077_10__Sept-_20.xlsx','active',NULL,'2020-09-14 01:31:17','2020-09-14 01:31:17'),(483,2,'excel_1600193252_10__Sept-_20.xlsx','active',NULL,'2020-09-16 04:07:32','2020-09-16 04:07:32'),(484,2,'excel_1600193285_13__Sept-_20.xlsx','active',NULL,'2020-09-16 04:08:05','2020-09-16 04:08:05'),(485,2,'excel_1600193312_14__Sept-_20.xlsx','active',NULL,'2020-09-16 04:08:32','2020-09-16 04:08:32'),(486,2,'excel_1600357558_15__Sept-_20.xlsx','active',NULL,'2020-09-18 01:45:58','2020-09-18 01:45:58'),(487,2,'excel_1600357570_16__Sept-_20.xlsx','active',NULL,'2020-09-18 01:46:10','2020-09-18 01:46:10'),(488,2,'excel_1600786604_17__Sept-_20.xlsx','active',NULL,'2020-09-23 00:56:45','2020-09-23 00:56:45'),(489,2,'excel_1600786636_20__Sept-_20.xlsx','active',NULL,'2020-09-23 00:57:16','2020-09-23 00:57:16'),(490,2,'excel_1600786653_21__Sept-_20.xlsx','active',NULL,'2020-09-23 00:57:33','2020-09-23 00:57:33'),(491,2,'excel_1601224584_22__Sept-_20.xlsx','active',NULL,'2020-09-28 02:36:24','2020-09-28 02:36:24'),(492,2,'excel_1601224595_23__Sept-_20.xlsx','active',NULL,'2020-09-28 02:36:35','2020-09-28 02:36:35'),(493,2,'excel_1601224617_24__Sept-_20.xlsx','active',NULL,'2020-09-28 02:36:58','2020-09-28 02:36:58'),(494,2,'excel_1601342118_27__Sept-_20.xlsx','active',NULL,'2020-09-29 11:15:18','2020-09-29 11:15:18'),(495,2,'excel_1601475720_28__Sept-_20.xlsx','active',NULL,'2020-10-01 00:22:00','2020-10-01 00:22:00'),(496,2,'excel_1601475734_29__Sept-_20.xlsx','active',NULL,'2020-10-01 00:22:14','2020-10-01 00:22:14'),(497,2,'excel_1601475757_29__Sept-_20.xlsx','active',NULL,'2020-10-01 00:22:37','2020-10-01 00:22:37'),(498,2,'excel_1601526075_30__Sept-_20.xlsx','active',NULL,'2020-10-01 14:21:15','2020-10-01 14:21:15'),(499,2,'excel_1602479985_01__Oct-_20.xlsx','active',NULL,'2020-10-12 05:19:45','2020-10-12 05:19:45'),(500,2,'excel_1602480005_04__Oct-_20.xlsx','active',NULL,'2020-10-12 05:20:06','2020-10-12 05:20:06'),(501,2,'excel_1602480026_05__Oct-_20.xlsx','active',NULL,'2020-10-12 05:20:26','2020-10-12 05:20:26'),(502,2,'excel_1602480043_06__Oct-_20.xlsx','active',NULL,'2020-10-12 05:20:43','2020-10-12 05:20:43'),(503,2,'excel_1602480064_07__Oct-_20.xlsx','active',NULL,'2020-10-12 05:21:04','2020-10-12 05:21:04'),(504,2,'excel_1602480112_11__Oct-_20.xlsx','active',NULL,'2020-10-12 05:21:52','2020-10-12 05:21:52'),(505,2,'excel_1602480242_08__Oct-_20.xlsx','active',NULL,'2020-10-12 05:24:02','2020-10-12 05:24:02'),(506,2,'excel_1602560029_08__Oct-_20.xlsx','active',NULL,'2020-10-13 03:33:49','2020-10-13 03:33:49'),(507,2,'excel_1602653789_12__Oct-_20.xlsx','active',NULL,'2020-10-14 05:36:29','2020-10-14 05:36:29'),(508,2,'excel_1602653805_13__Oct-_20.xlsx','active',NULL,'2020-10-14 05:36:45','2020-10-14 05:36:45'),(509,2,'excel_1603074161_14__Oct-_20.xlsx','active',NULL,'2020-10-19 02:22:41','2020-10-19 02:22:41'),(510,2,'excel_1603074174_15__Oct-_20.xlsx','active',NULL,'2020-10-19 02:22:54','2020-10-19 02:22:54'),(511,2,'excel_1603163074_18__Oct-_20.xlsx','active',NULL,'2020-10-20 03:04:34','2020-10-20 03:04:34'),(512,2,'excel_1603163085_19__Oct-_20.xlsx','active',NULL,'2020-10-20 03:04:45','2020-10-20 03:04:45'),(513,2,'excel_1603506758_20__Oct-_20.xlsx','active',NULL,'2020-10-24 02:32:38','2020-10-24 02:32:38'),(514,2,'excel_1603506834_21__Oct-_20.xlsx','active',NULL,'2020-10-24 02:33:54','2020-10-24 02:33:54'),(515,2,'excel_1603770423_22__Oct-_20.xlsx','active',NULL,'2020-10-27 03:47:04','2020-10-27 03:47:04'),(516,2,'excel_1603868143_25__Oct-_20.xlsx','active',NULL,'2020-10-28 06:55:44','2020-10-28 06:55:44'),(517,2,'excel_1603868158_27__Oct-_20.xlsx','active',NULL,'2020-10-28 06:55:59','2020-10-28 06:55:59'),(518,2,'excel_1603960289_28__Oct-_20.xlsx','active',NULL,'2020-10-29 08:31:29','2020-10-29 08:31:29'),(519,2,'excel_1604210743_29__Oct-_20.xlsx','active',NULL,'2020-11-01 06:05:43','2020-11-01 06:05:43'),(520,2,'excel_1605724849_01__Nov-_20.xlsx','active',NULL,'2020-11-18 18:40:50','2020-11-18 18:40:50'),(521,2,'excel_1605724878_02__Nov-_20.xlsx','active',NULL,'2020-11-18 18:41:19','2020-11-18 18:41:19'),(522,2,'excel_1605724896_03__Nov-_20.xlsx','active',NULL,'2020-11-18 18:41:37','2020-11-18 18:41:37'),(523,2,'excel_1605724913_04__Nov-_20.xlsx','active',NULL,'2020-11-18 18:41:53','2020-11-18 18:41:53'),(524,2,'excel_1605724932_05__Nov-_20.xlsx','active',NULL,'2020-11-18 18:42:12','2020-11-18 18:42:12'),(525,2,'excel_1605724960_08__Nov-_20.xlsx','active',NULL,'2020-11-18 18:42:40','2020-11-18 18:42:40'),(526,2,'excel_1605724991_TXN.xlsx','active',NULL,'2020-11-18 18:43:11','2020-11-18 18:43:11'),(527,2,'excel_1605725204_09__Nov-_20.xlsx','active',NULL,'2020-11-18 18:46:44','2020-11-18 18:46:44'),(528,2,'excel_1605725234_10__Nov-_20.xlsx','active',NULL,'2020-11-18 18:47:14','2020-11-18 18:47:14'),(529,2,'excel_1605725255_11__Nov-_20.xlsx','active',NULL,'2020-11-18 18:47:35','2020-11-18 18:47:35'),(530,2,'excel_1605725275_12__Nov_20.xlsx','active',NULL,'2020-11-18 18:47:55','2020-11-18 18:47:55'),(531,2,'excel_1605725306_15__Nov-_20.xlsx','active',NULL,'2020-11-18 18:48:26','2020-11-18 18:48:26'),(532,2,'excel_1605725331_16__Nov-_20.xlsx','active',NULL,'2020-11-18 18:48:51','2020-11-18 18:48:51'),(533,2,'excel_1605725408_17__Nov-_20.xlsx','active',NULL,'2020-11-18 18:50:08','2020-11-18 18:50:08'),(534,2,'excel_1606105631_18__Nov-_20.xlsx','active',NULL,'2020-11-23 04:27:12','2020-11-23 04:27:12'),(535,2,'excel_1606105645_19__Nov-_20.xlsx','active',NULL,'2020-11-23 04:27:25','2020-11-23 04:27:25'),(536,2,'excel_1606105659_22__Nov-_20.xlsx','active',NULL,'2020-11-23 04:27:39','2020-11-23 04:27:39'),(537,2,'excel_1606623594_23__Nov-_20.xlsx','active',NULL,'2020-11-29 04:19:55','2020-11-29 04:19:55'),(538,2,'excel_1606623607_24__Nov-_20.xlsx','active',NULL,'2020-11-29 04:20:07','2020-11-29 04:20:07'),(539,2,'excel_1606623791_26__Nov-_20.xlsx','active',NULL,'2020-11-29 04:23:12','2020-11-29 04:23:12'),(540,2,'excel_1606623906_25__Nov-_20.xlsx','active',NULL,'2020-11-29 04:25:06','2020-11-29 04:25:06'),(541,2,'excel_1606728809_29__Nov-_20.xlsx','active',NULL,'2020-11-30 09:33:29','2020-11-30 09:33:29'),(542,2,'excel_1606794017_30__Nov-_20.xlsx','active',NULL,'2020-12-01 03:40:17','2020-12-01 03:40:17'),(543,2,'excel_1607918500_01__Dec-_20.xlsx','active',NULL,'2020-12-14 04:01:40','2020-12-14 04:01:40'),(544,2,'excel_1607918510_02__Dec-_20.xlsx','active',NULL,'2020-12-14 04:01:50','2020-12-14 04:01:50'),(545,2,'excel_1607918519_03__Dec-_20.xlsx','active',NULL,'2020-12-14 04:01:59','2020-12-14 04:01:59'),(546,2,'excel_1607918532_06__Dec-_20.xlsx','active',NULL,'2020-12-14 04:02:12','2020-12-14 04:02:12'),(547,2,'excel_1607918696_07__Dec-_20.xlsx','active',NULL,'2020-12-14 04:04:56','2020-12-14 04:04:56'),(548,2,'excel_1607918705_08__Dec-_20.xlsx','active',NULL,'2020-12-14 04:05:05','2020-12-14 04:05:05'),(549,2,'excel_1607918714_09__Dec-_20.xlsx','active',NULL,'2020-12-14 04:05:15','2020-12-14 04:05:15'),(550,2,'excel_1607918940_TXN.xlsx','active',NULL,'2020-12-14 04:09:00','2020-12-14 04:09:00'),(551,2,'excel_1607918958_TXN.xlsx','active',NULL,'2020-12-14 04:09:19','2020-12-14 04:09:19'),(552,2,'excel_1607919905_10__Dec-_20.xlsx','active',NULL,'2020-12-14 04:25:05','2020-12-14 04:25:05'),(553,2,'excel_1607919916_TXN.xlsx','active',NULL,'2020-12-14 04:25:16','2020-12-14 04:25:16'),(554,2,'excel_1607921294_13__Dec-_20.xlsx','active',NULL,'2020-12-14 04:48:15','2020-12-14 04:48:15'),(555,2,'excel_1608647542_21__Dec-_20.xlsx','active',NULL,'2020-12-22 14:32:22','2020-12-22 14:32:22'),(556,2,'excel_1608647683_13__Dec-_20.xlsx','active',NULL,'2020-12-22 14:34:43','2020-12-22 14:34:43'),(557,2,'excel_1608647844_15__Dec-_20.xlsx','active',NULL,'2020-12-22 14:37:24','2020-12-22 14:37:24'),(558,2,'excel_1608647930_17__Dec-_20.xlsx','active',NULL,'2020-12-22 14:38:50','2020-12-22 14:38:50'),(559,2,'excel_1608648006_20__Dec-_20.xlsx','active',NULL,'2020-12-22 14:40:07','2020-12-22 14:40:07'),(560,2,'excel_1608648056_21__Dec-_20.xlsx','active',NULL,'2020-12-22 14:40:56','2020-12-22 14:40:56'),(561,2,'excel_1608648250_1608648128235.xlsx','active',NULL,'2020-12-22 14:44:10','2020-12-22 14:44:10'),(562,2,'excel_1608648493_14__Dec-_20.xlsx','active',NULL,'2020-12-22 14:48:14','2020-12-22 14:48:14'),(563,2,'excel_1609176335_24__Dec-_20.xlsx','active',NULL,'2020-12-28 17:25:35','2020-12-28 17:25:35'),(564,2,'excel_1609176400_22__Dec-_20.xlsx','active',NULL,'2020-12-28 17:26:40','2020-12-28 17:26:40'),(565,2,'excel_1609176482_23__Dec-_20.xlsx','active',NULL,'2020-12-28 17:28:03','2020-12-28 17:28:03'),(566,2,'excel_1609176671_22__Dec-_20.xlsx','active',NULL,'2020-12-28 17:31:11','2020-12-28 17:31:11'),(567,2,'excel_1609176707_27__Dec-_20.xlsx','active',NULL,'2020-12-28 17:31:47','2020-12-28 17:31:47'),(568,2,'excel_1609404944_29__Dec-_20.xlsx','active',NULL,'2020-12-31 08:55:45','2020-12-31 08:55:45'),(569,2,'excel_1609405023_28__Dec-_20.xlsx','active',NULL,'2020-12-31 08:57:03','2020-12-31 08:57:03'),(570,2,'excel_1609659314_30__Dec-_20.xlsx','active',NULL,'2021-01-03 07:35:15','2021-01-03 07:35:15'),(571,2,'excel_1610647331_03__January-_21.xlsx','active',NULL,'2021-01-14 18:02:11','2021-01-14 18:02:11'),(572,2,'excel_1610647347_04__January-_21.xlsx','active',NULL,'2021-01-14 18:02:27','2021-01-14 18:02:27'),(573,2,'excel_1610647363_05__January-_21.xlsx','active',NULL,'2021-01-14 18:02:43','2021-01-14 18:02:43'),(574,2,'excel_1610647383_06__January-_21.xlsx','active',NULL,'2021-01-14 18:03:03','2021-01-14 18:03:03'),(575,2,'excel_1610647399_07__January-_21.xlsx','active',NULL,'2021-01-14 18:03:20','2021-01-14 18:03:20'),(576,2,'excel_1610846119_10__January-_21.xlsx','active',NULL,'2021-01-17 01:15:20','2021-01-17 01:15:20'),(577,2,'excel_1610846213_11__January-_21.xlsx','active',NULL,'2021-01-17 01:16:54','2021-01-17 01:16:54'),(578,2,'excel_1610846247_12__January-_21.xlsx','active',NULL,'2021-01-17 01:17:28','2021-01-17 01:17:28'),(579,2,'excel_1610846262_13_January-_21.xlsx','active',NULL,'2021-01-17 01:17:42','2021-01-17 01:17:42'),(580,2,'excel_1611183384_14__January-_21.xlsx','active',NULL,'2021-01-20 22:56:24','2021-01-20 22:56:24'),(581,2,'excel_1611183401_17__January-_21.xlsx','active',NULL,'2021-01-20 22:56:42','2021-01-20 22:56:42'),(582,2,'excel_1611183422_18__January-_21.xlsx','active',NULL,'2021-01-20 22:57:03','2021-01-20 22:57:03'),(583,2,'excel_1611183473_19__January-_21.xlsx','active',NULL,'2021-01-20 22:57:53','2021-01-20 22:57:53'),(584,2,'excel_1611505845_20_January-_21.xlsx','active',NULL,'2021-01-24 16:30:45','2021-01-24 16:30:45'),(585,2,'excel_1611505882_21__January-_21.xlsx','active',NULL,'2021-01-24 16:31:22','2021-01-24 16:31:22'),(586,2,'excel_1611505902_19__January-_21.xlsx','active',NULL,'2021-01-24 16:31:42','2021-01-24 16:31:42'),(587,2,'excel_1611673900_24_January-_21.xlsx','active',NULL,'2021-01-26 15:11:40','2021-01-26 15:11:40'),(588,2,'excel_1611673916_25__January-_21.xlsx','active',NULL,'2021-01-26 15:11:56','2021-01-26 15:11:56'),(589,2,'excel_1611766447_26__January-_21.xlsx','active',NULL,'2021-01-27 16:54:07','2021-01-27 16:54:07'),(590,2,'excel_1612118250_28__January-_21.xlsx','active',NULL,'2021-01-31 18:37:30','2021-01-31 18:37:30'),(591,2,'excel_1612118295_27__January-_21.xlsx','active',NULL,'2021-01-31 18:38:15','2021-01-31 18:38:15'),(592,2,'excel_1612161942_TXN.xlsx','active',NULL,'2021-02-01 06:45:42','2021-02-01 06:45:42'),(593,2,'excel_1612162192_31__January-_21.xlsx','active',NULL,'2021-02-01 06:49:53','2021-02-01 06:49:53'),(594,2,'excel_1613400670_01__February-_21.xlsx','active',NULL,'2021-02-15 14:51:10','2021-02-15 14:51:10'),(595,2,'excel_1613400685_02__February-_21.xlsx','active',NULL,'2021-02-15 14:51:25','2021-02-15 14:51:25'),(596,2,'excel_1613405999_04__February-_21.xlsx','active',NULL,'2021-02-15 16:20:00','2021-02-15 16:20:00'),(597,2,'excel_1613406020_07__February-_21.xlsx','active',NULL,'2021-02-15 16:20:20','2021-02-15 16:20:20'),(598,2,'excel_1613406031_08__February-_21.xlsx','active',NULL,'2021-02-15 16:20:31','2021-02-15 16:20:31'),(599,2,'excel_1613406135_03__February-_21.xlsx','active',NULL,'2021-02-15 16:22:16','2021-02-15 16:22:16'),(600,2,'excel_1613406158_10_February-_21.xlsx','active',NULL,'2021-02-15 16:22:38','2021-02-15 16:22:38'),(601,2,'excel_1613406172_11_February-_21.xlsx','active',NULL,'2021-02-15 16:22:52','2021-02-15 16:22:52'),(602,2,'excel_1613406301_09__February-_21.xlsx','active',NULL,'2021-02-15 16:25:02','2021-02-15 16:25:02'),(603,2,'excel_1613408957_09__February-_21.xlsx','active',NULL,'2021-02-15 17:09:17','2021-02-15 17:09:17'),(604,2,'excel_1613544020_16_February-_21.xlsx','active',NULL,'2021-02-17 06:40:21','2021-02-17 06:40:21'),(605,2,'excel_1614013187_14_February-_21.xlsx','active',NULL,'2021-02-22 16:59:47','2021-02-22 16:59:47'),(606,2,'excel_1614013203_15_February-_21.xlsx','active',NULL,'2021-02-22 17:00:03','2021-02-22 17:00:03'),(607,2,'excel_1614013218_17_February-_21.xlsx','active',NULL,'2021-02-22 17:00:19','2021-02-22 17:00:19'),(608,2,'excel_1614013237_18__February-_21.xlsx','active',NULL,'2021-02-22 17:00:37','2021-02-22 17:00:37'),(609,2,'excel_1614176171_22__February-_21.xlsx','active',NULL,'2021-02-24 14:16:11','2021-02-24 14:16:11'),(610,2,'excel_1614176206_23__February-_21.xlsx','active',NULL,'2021-02-24 14:16:47','2021-02-24 14:16:47'),(611,2,'excel_1614355612_24_February-_21.xlsx','active',NULL,'2021-02-26 16:06:52','2021-02-26 16:06:52'),(612,2,'excel_1614521976_25__February-_21.xlsx','active',NULL,'2021-02-28 14:19:36','2021-02-28 14:19:36'),(613,2,'excel_1614602251_28__February-_21.xlsx','active',NULL,'2021-03-01 12:37:31','2021-03-01 12:37:31'),(614,2,'excel_1615515612_01__March-_21.xlsx','active',NULL,'2021-03-12 02:20:13','2021-03-12 02:20:13'),(615,2,'excel_1615515627_02__March-_21.xlsx','active',NULL,'2021-03-12 02:20:27','2021-03-12 02:20:27'),(616,2,'excel_1615515640_03__March-_21.xlsx','active',NULL,'2021-03-12 02:20:40','2021-03-12 02:20:40'),(617,2,'excel_1615515655_04__March-_21.xlsx','active',NULL,'2021-03-12 02:20:55','2021-03-12 02:20:55'),(618,2,'excel_1615515674_07__March-_21.xlsx','active',NULL,'2021-03-12 02:21:14','2021-03-12 02:21:14'),(619,2,'excel_1615515694_08__March-_21.xlsx','active',NULL,'2021-03-12 02:21:34','2021-03-12 02:21:34'),(620,2,'excel_1615515710_09__March-_21.xlsx','active',NULL,'2021-03-12 02:21:50','2021-03-12 02:21:50'),(621,2,'excel_1616002003_11__March-_21.xlsx','active',NULL,'2021-03-17 17:26:44','2021-03-17 17:26:44'),(622,2,'excel_1616002160_14__March-_21.xlsx','active',NULL,'2021-03-17 17:29:20','2021-03-17 17:29:20'),(623,2,'excel_1616002188_15__March-_21.xlsx','active',NULL,'2021-03-17 17:29:48','2021-03-17 17:29:48'),(624,2,'excel_1616125184_10__March-_21.xlsx','active',NULL,'2021-03-19 03:39:45','2021-03-19 03:39:45'),(625,2,'excel_1616125207_16__March-_21.xlsx','active',NULL,'2021-03-19 03:40:08','2021-03-19 03:40:08'),(626,2,'excel_1616424434_16__March-_21.xlsx','active',NULL,'2021-03-22 14:47:14','2021-03-22 14:47:14'),(627,2,'excel_1616424460_18__March-_21.xlsx','active',NULL,'2021-03-22 14:47:41','2021-03-22 14:47:41'),(628,2,'excel_1616424479_21__March-_21.xlsx','active',NULL,'2021-03-22 14:48:00','2021-03-22 14:48:00'),(629,2,'excel_1616822174_22__March-_21.xlsx','active',NULL,'2021-03-27 05:16:14','2021-03-27 05:16:14'),(630,2,'excel_1616939545_23__March-_21.xlsx','active',NULL,'2021-03-28 13:52:25','2021-03-28 13:52:25'),(631,2,'excel_1616939559_24__March-_21.xlsx','active',NULL,'2021-03-28 13:52:39','2021-03-28 13:52:39'),(632,2,'excel_1616939575_25__March-_21.xlsx','active',NULL,'2021-03-28 13:52:55','2021-03-28 13:52:55'),(633,2,'excel_1617215823_28__March-_21.xlsx','active',NULL,'2021-03-31 18:37:03','2021-03-31 18:37:03'),(634,2,'excel_1617215836_29__March-_21.xlsx','active',NULL,'2021-03-31 18:37:17','2021-03-31 18:37:17'),(635,2,'excel_1617250226_22__March-_21.xlsx','active',NULL,'2021-04-01 04:10:26','2021-04-01 04:10:26'),(636,2,'excel_1617256457_31__March-_21.xlsx','active',NULL,'2021-04-01 05:54:19','2021-04-01 05:54:19'),(637,2,'excel_1618846993_01__April-_21.xlsx','active',NULL,'2021-04-19 15:43:13','2021-04-19 15:43:13'),(638,2,'excel_1618847099_04__April-_21.xlsx','active',NULL,'2021-04-19 15:45:00','2021-04-19 15:45:00'),(639,2,'excel_1618847122_05__April-_21.xlsx','active',NULL,'2021-04-19 15:45:22','2021-04-19 15:45:22'),(640,2,'excel_1618847142_06__April-_21.xlsx','active',NULL,'2021-04-19 15:45:42','2021-04-19 15:45:42'),(641,2,'excel_1618847170_07__April-_21.xlsx','active',NULL,'2021-04-19 15:46:10','2021-04-19 15:46:10'),(642,2,'excel_1618847216_08__April-_21.xlsx','active',NULL,'2021-04-19 15:46:57','2021-04-19 15:46:57'),(643,2,'excel_1618847241_11__April-_21.xlsx','active',NULL,'2021-04-19 15:47:21','2021-04-19 15:47:21'),(644,2,'excel_1618847256_12__April-_21.xlsx','active',NULL,'2021-04-19 15:47:37','2021-04-19 15:47:37'),(645,2,'excel_1618847272_15__April-_21.xlsx','active',NULL,'2021-04-19 15:47:52','2021-04-19 15:47:52'),(646,2,'excel_1618847288_18__April-_21.xlsx','active',NULL,'2021-04-19 15:48:08','2021-04-19 15:48:08'),(647,2,'excel_1619074029_13__April-_21.xlsx','active',NULL,'2021-04-22 06:47:09','2021-04-22 06:47:09'),(648,2,'excel_1619074045_19__April-_21.xlsx','active',NULL,'2021-04-22 06:47:25','2021-04-22 06:47:25'),(649,2,'excel_1619074066_20__April-_21.xlsx','active',NULL,'2021-04-22 06:47:47','2021-04-22 06:47:47'),(650,2,'excel_1619074084_21_April-_21.xlsx','active',NULL,'2021-04-22 06:48:05','2021-04-22 06:48:05'),(651,2,'excel_1619495950_22__April-_21.xlsx','active',NULL,'2021-04-27 03:59:10','2021-04-27 03:59:10'),(652,2,'excel_1619582756_25__April-_21.xlsx','active',NULL,'2021-04-28 04:05:57','2021-04-28 04:05:57'),(653,2,'excel_1619582774_26__April-_21.xlsx','active',NULL,'2021-04-28 04:06:14','2021-04-28 04:06:14'),(654,2,'excel_1619582793_27__April-_21.xlsx','active',NULL,'2021-04-28 04:06:34','2021-04-28 04:06:34'),(655,2,'excel_1620014219_28__April-_21.xlsx','active',NULL,'2021-05-03 03:56:59','2021-05-03 03:56:59'),(656,2,'excel_1620014245_29__April-_21.xlsx','active',NULL,'2021-05-03 03:57:25','2021-05-03 03:57:25'),(657,2,'excel_1621516567_09__May-_21.xlsx','active',NULL,'2021-05-20 13:16:07','2021-05-20 13:16:07'),(658,2,'excel_1621516593_06__May-_21.xlsx','active',NULL,'2021-05-20 13:16:33','2021-05-20 13:16:33'),(659,2,'excel_1621516611_05__May-_21.xlsx','active',NULL,'2021-05-20 13:16:51','2021-05-20 13:16:51'),(660,2,'excel_1621516651_11__May-_21.xlsx','active',NULL,'2021-05-20 13:17:31','2021-05-20 13:17:31'),(661,2,'excel_1621516802_02__May-_21.xlsx','active',NULL,'2021-05-20 13:20:02','2021-05-20 13:20:02'),(662,2,'excel_1621516815_03__May-_21.xlsx','active',NULL,'2021-05-20 13:20:15','2021-05-20 13:20:15'),(663,2,'excel_1621516829_04__May-_21.xlsx','active',NULL,'2021-05-20 13:20:29','2021-05-20 13:20:29'),(664,2,'excel_1621516846_12__May-_21.xlsx','active',NULL,'2021-05-20 13:20:46','2021-05-20 13:20:46'),(665,2,'excel_1621516860_19__May-_21.xlsx','active',NULL,'2021-05-20 13:21:00','2021-05-20 13:21:00'),(666,2,'excel_1621747924_16__May-_21.xlsx','active',NULL,'2021-05-23 05:32:04','2021-05-23 05:32:04'),(667,2,'excel_1621747936_17__May-_21.xlsx','active',NULL,'2021-05-23 05:32:16','2021-05-23 05:32:16'),(668,2,'excel_1621748021_18__May-_21.xlsx','active',NULL,'2021-05-23 05:33:41','2021-05-23 05:33:41'),(669,2,'excel_1621748040_20__May-_21.xlsx','active',NULL,'2021-05-23 05:34:00','2021-05-23 05:34:00'),(670,2,'excel_1622358866_23__May-_21.xlsx','active',NULL,'2021-05-30 07:14:27','2021-05-30 07:14:27'),(671,2,'excel_1622358924_24__May-_21.xlsx','active',NULL,'2021-05-30 07:15:24','2021-05-30 07:15:24'),(672,2,'excel_1622359002_25__May-_21.xlsx','active',NULL,'2021-05-30 07:16:42','2021-05-30 07:16:42'),(673,2,'excel_1622359081_27__May-_21.xlsx','active',NULL,'2021-05-30 07:18:01','2021-05-30 07:18:01'),(674,2,'excel_1622516876_30__May-_21.xlsx','active',NULL,'2021-06-01 03:07:57','2021-06-01 03:07:57'),(675,2,'excel_1622520455_31_May-_21.xlsx','active',NULL,'2021-06-01 04:07:36','2021-06-01 04:07:36'),(676,2,'excel_1624775789_01__June-_21.xlsx','active',NULL,'2021-06-27 06:36:29','2021-06-27 06:36:29'),(677,2,'excel_1624775802_02__June-_21.xlsx','active',NULL,'2021-06-27 06:36:42','2021-06-27 06:36:42'),(678,2,'excel_1624775815_03__June-_21.xlsx','active',NULL,'2021-06-27 06:36:56','2021-06-27 06:36:56'),(679,2,'excel_1624775833_06__June-_21.xlsx','active',NULL,'2021-06-27 06:37:13','2021-06-27 06:37:13'),(680,2,'excel_1624775851_07__June-_21.xlsx','active',NULL,'2021-06-27 06:37:31','2021-06-27 06:37:31'),(681,2,'excel_1624775866_08__June-_21.xlsx','active',NULL,'2021-06-27 06:37:46','2021-06-27 06:37:46'),(682,2,'excel_1624775883_09__June-_21.xlsx','active',NULL,'2021-06-27 06:38:04','2021-06-27 06:38:04'),(683,2,'excel_1624776133_09__June-_21.xlsx','active',NULL,'2021-06-27 06:42:14','2021-06-27 06:42:14'),(684,2,'excel_1624776145_10_June-_21.xlsx','active',NULL,'2021-06-27 06:42:25','2021-06-27 06:42:25'),(685,2,'excel_1624776166_13_June-_21.xlsx','active',NULL,'2021-06-27 06:42:47','2021-06-27 06:42:47'),(686,2,'excel_1624776175_14_June-_21.xlsx','active',NULL,'2021-06-27 06:42:55','2021-06-27 06:42:55'),(687,2,'excel_1624776201_15_June-_21.xlsx','active',NULL,'2021-06-27 06:43:21','2021-06-27 06:43:21'),(688,2,'excel_1624776216_16_June-_21.xlsx','active',NULL,'2021-06-27 06:43:36','2021-06-27 06:43:36'),(689,2,'excel_1624776240_17_June-_21.xlsx','active',NULL,'2021-06-27 06:44:00','2021-06-27 06:44:00'),(690,2,'excel_1624776260_20_June-_21.xlsx','active',NULL,'2021-06-27 06:44:20','2021-06-27 06:44:20'),(691,2,'excel_1624776404_21_June-_21.xlsx','active',NULL,'2021-06-27 06:46:44','2021-06-27 06:46:44'),(692,2,'excel_1624776417_22.xlsx','active',NULL,'2021-06-27 06:46:57','2021-06-27 06:46:57'),(693,2,'excel_1624776429_23_June-_21.xlsx','active',NULL,'2021-06-27 06:47:09','2021-06-27 06:47:09'),(694,2,'excel_1624776440_24_June-_21.xlsx','active',NULL,'2021-06-27 06:47:20','2021-06-27 06:47:20'),(695,2,'excel_1624948819_27_June-_21.xlsx','active',NULL,'2021-06-29 06:40:19','2021-06-29 06:40:19'),(696,2,'excel_1624948842_28_June-_21.xlsx','active',NULL,'2021-06-29 06:40:42','2021-06-29 06:40:42'),(697,2,'excel_1625466580_29_June-_21.xlsx','active',NULL,'2021-07-05 06:29:41','2021-07-05 06:29:41'),(698,2,'excel_1625466595_30_June-_21.xlsx','active',NULL,'2021-07-05 06:29:55','2021-07-05 06:29:55'),(699,2,'excel_1627910775_13__July_-_21.xlsx','active',NULL,'2021-08-02 13:26:15','2021-08-02 13:26:15'),(700,2,'excel_1627910791_12__July_-_21.xlsx','active',NULL,'2021-08-02 13:26:31','2021-08-02 13:26:31'),(701,2,'excel_1627910805_08__July_-_21.xlsx','active',NULL,'2021-08-02 13:26:46','2021-08-02 13:26:46'),(702,2,'excel_1627910826_08__July_-_21.xlsx','active',NULL,'2021-08-02 13:27:06','2021-08-02 13:27:06'),(703,2,'excel_1627910869_07__July_-_21.xlsx','active',NULL,'2021-08-02 13:27:49','2021-08-02 13:27:49'),(704,2,'excel_1627910884_14__July_-_21.xlsx','active',NULL,'2021-08-02 13:28:04','2021-08-02 13:28:04'),(705,2,'excel_1627910910_14__July_-_21.xlsx','active',NULL,'2021-08-02 13:28:30','2021-08-02 13:28:30'),(706,2,'excel_1627910923_15__July_-_21.xlsx','active',NULL,'2021-08-02 13:28:44','2021-08-02 13:28:44'),(707,2,'excel_1627910951_18__July_-_21.xlsx','active',NULL,'2021-08-02 13:29:11','2021-08-02 13:29:11'),(708,2,'excel_1627910970_19__July_-_21.xlsx','active',NULL,'2021-08-02 13:29:31','2021-08-02 13:29:31'),(709,2,'excel_1627910999_19__July_-_21.xlsx','active',NULL,'2021-08-02 13:29:59','2021-08-02 13:29:59'),(710,2,'excel_1627911011_20__July_-_21.xlsx','active',NULL,'2021-08-02 13:30:11','2021-08-02 13:30:11'),(711,2,'excel_1627911026_28__July_-_21.xlsx','active',NULL,'2021-08-02 13:30:26','2021-08-02 13:30:26'),(712,2,'excel_1627911045_27__July_-_21.xlsx','active',NULL,'2021-08-02 13:30:45','2021-08-02 13:30:45'),(713,2,'excel_1627911062_26__July_-_21.xlsx','active',NULL,'2021-08-02 13:31:02','2021-08-02 13:31:02'),(714,2,'excel_1627911077_25__July_-_21.xlsx','active',NULL,'2021-08-02 13:31:17','2021-08-02 13:31:17'),(715,2,'excel_1627911092_29__July_-_21.xlsx','active',NULL,'2021-08-02 13:31:32','2021-08-02 13:31:32'),(716,2,'excel_1628107269_05__July_-_21.xlsx','active',NULL,'2021-08-04 20:01:09','2021-08-04 20:01:09'),(717,2,'excel_1628107278_04__July_-_21.xlsx','active',NULL,'2021-08-04 20:01:18','2021-08-04 20:01:18'),(718,2,'excel_1628107299_07__July_-_21.xlsx','active',NULL,'2021-08-04 20:01:40','2021-08-04 20:01:40'),(719,2,'excel_1628107322_08__July_-_21.xlsx','active',NULL,'2021-08-04 20:02:02','2021-08-04 20:02:02'),(720,2,'excel_1628107342_12__July_-_21.xlsx','active',NULL,'2021-08-04 20:02:22','2021-08-04 20:02:22'),(721,2,'excel_1628107358_13__July_-_21.xlsx','active',NULL,'2021-08-04 20:02:39','2021-08-04 20:02:39'),(722,2,'excel_1628107376_14__July_-_21.xlsx','active',NULL,'2021-08-04 20:02:56','2021-08-04 20:02:56'),(723,2,'excel_1628152183_04__July_-_21.xlsx','active',NULL,'2021-08-05 08:29:44','2021-08-05 08:29:44'),(724,2,'excel_1628152202_06__July_-_21.xlsx','active',NULL,'2021-08-05 08:30:02','2021-08-05 08:30:02'),(725,2,'excel_1629113680_10__August_-_21.xlsx','active',NULL,'2021-08-16 11:34:40','2021-08-16 11:34:40'),(726,2,'excel_1629115040_02__August_-_21.xlsx','active',NULL,'2021-08-16 11:57:20','2021-08-16 11:57:20'),(727,2,'excel_1629115055_12__August_-_21.xlsx','active',NULL,'2021-08-16 11:57:36','2021-08-16 11:57:36'),(728,2,'excel_1629115072_03__August_-_21.xlsx','active',NULL,'2021-08-16 11:57:52','2021-08-16 11:57:52'),(729,2,'excel_1629115088_05__August_-_21.xlsx','active',NULL,'2021-08-16 11:58:09','2021-08-16 11:58:09'),(730,2,'excel_1629115100_08__August_-_21.xlsx','active',NULL,'2021-08-16 11:58:20','2021-08-16 11:58:20'),(731,2,'excel_1629115120_09__August_-_21.xlsx','active',NULL,'2021-08-16 11:58:40','2021-08-16 11:58:40'),(732,2,'excel_1629115133_11__August_-_21.xlsx','active',NULL,'2021-08-16 11:58:53','2021-08-16 11:58:53'),(733,2,'excel_1629609107_12__August_-_21.xlsx','active',NULL,'2021-08-22 05:11:47','2021-08-22 05:11:47'),(734,2,'excel_1629609143_16_August-21.xlsx','active',NULL,'2021-08-22 05:12:24','2021-08-22 05:12:24'),(735,2,'excel_1629609158_17__August_-_21.xlsx','active',NULL,'2021-08-22 05:12:39','2021-08-22 05:12:39'),(736,2,'excel_1629609171_18__August_-_21.xlsx','active',NULL,'2021-08-22 05:12:51','2021-08-22 05:12:51'),(737,2,'excel_1629686304_19__August_-_21.xlsx','active',NULL,'2021-08-23 02:38:24','2021-08-23 02:38:24'),(738,2,'excel_1629779082_22__August_-_21.xlsx','active',NULL,'2021-08-24 04:24:43','2021-08-24 04:24:43'),(739,2,'excel_1629779097_23__August_-_21.xlsx','active',NULL,'2021-08-24 04:24:57','2021-08-24 04:24:57'),(740,2,'excel_1629952203_24__August_-_21.xlsx','active',NULL,'2021-08-26 04:30:03','2021-08-26 04:30:03'),(741,2,'excel_1629952216_25__August_-_21.xlsx','active',NULL,'2021-08-26 04:30:17','2021-08-26 04:30:17'),(742,2,'excel_1630490078_29__August_-_21.xlsx','active',NULL,'2021-09-01 09:54:39','2021-09-01 09:54:39'),(743,2,'excel_1630490098_26__August_-_21.xlsx','active',NULL,'2021-09-01 09:54:58','2021-09-01 09:54:58'),(744,2,'excel_1630490810_31__August_-_21.xlsx','active',NULL,'2021-09-01 10:06:50','2021-09-01 10:06:50'),(745,2,'excel_1632112349_05__Sept-_21.xlsx','active',NULL,'2021-09-20 04:32:29','2021-09-20 04:32:29'),(746,2,'excel_1632112376_02__Sept-_21.xlsx','active',NULL,'2021-09-20 04:32:56','2021-09-20 04:32:56'),(747,2,'excel_1632112396_01__Sept-_21.xlsx','active',NULL,'2021-09-20 04:33:16','2021-09-20 04:33:16'),(748,2,'excel_1632112414_06__Sept-_21.xlsx','active',NULL,'2021-09-20 04:33:34','2021-09-20 04:33:34'),(749,2,'excel_1632112441_08__Sept-_21.xlsx','active',NULL,'2021-09-20 04:34:01','2021-09-20 04:34:01'),(750,2,'excel_1632112464_09__Sept-_21.xlsx','active',NULL,'2021-09-20 04:34:24','2021-09-20 04:34:24'),(751,2,'excel_1632113044_07__Sept-_21.xlsx','active',NULL,'2021-09-20 04:44:04','2021-09-20 04:44:04'),(752,2,'excel_1632113057_12__Sept-_21.xlsx','active',NULL,'2021-09-20 04:44:17','2021-09-20 04:44:17'),(753,2,'excel_1632113069_13__Sept-_21.xlsx','active',NULL,'2021-09-20 04:44:29','2021-09-20 04:44:29'),(754,2,'excel_1632113078_14_Sept-21.xlsx','active',NULL,'2021-09-20 04:44:38','2021-09-20 04:44:38'),(755,2,'excel_1632113090_15_Sept-21.xlsx','active',NULL,'2021-09-20 04:44:51','2021-09-20 04:44:51'),(756,2,'excel_1632113110_16_Sept-21.xlsx','active',NULL,'2021-09-20 04:45:10','2021-09-20 04:45:10'),(757,2,'excel_1632113124_19_Sept-21.xlsx','active',NULL,'2021-09-20 04:45:25','2021-09-20 04:45:25'),(758,2,'excel_1632633040_20_Sept-21.xlsx','active',NULL,'2021-09-26 05:10:41','2021-09-26 05:10:41'),(759,2,'excel_1632633053_21_Sept-21.xlsx','active',NULL,'2021-09-26 05:10:53','2021-09-26 05:10:53'),(760,2,'excel_1632633067_22_Sept-21.xlsx','active',NULL,'2021-09-26 05:11:07','2021-09-26 05:11:07'),(761,2,'excel_1632633082_23_Sept-21.xlsx','active',NULL,'2021-09-26 05:11:22','2021-09-26 05:11:22'),(762,2,'excel_1633228213_26_Sept-21.xlsx','active',NULL,'2021-10-03 02:30:14','2021-10-03 02:30:14'),(763,2,'excel_1633228252_28_Sept-21.xlsx','active',NULL,'2021-10-03 02:30:52','2021-10-03 02:30:52'),(764,2,'excel_1633228269_29_Sept-21.xlsx','active',NULL,'2021-10-03 02:31:09','2021-10-03 02:31:09'),(765,2,'excel_1633228285_27_Sept-21.xlsx','active',NULL,'2021-10-03 02:31:26','2021-10-03 02:31:26'),(766,2,'excel_1633246756_30_Sept-21.xlsx','active',NULL,'2021-10-03 07:39:16','2021-10-03 07:39:16'),(767,2,'excel_1634187739_13__October-_21.xlsx','active',NULL,'2021-10-14 05:02:19','2021-10-14 05:02:19'),(768,2,'excel_1634187757_06__October-_21.xlsx','active',NULL,'2021-10-14 05:02:37','2021-10-14 05:02:37'),(769,2,'excel_1634187780_05__October-_21.xlsx','active',NULL,'2021-10-14 05:03:01','2021-10-14 05:03:01'),(770,2,'excel_1634187790_05__October-_21.xlsx','active',NULL,'2021-10-14 05:03:10','2021-10-14 05:03:10'),(771,2,'excel_1634187806_04__October-_21.xlsx','active',NULL,'2021-10-14 05:03:26','2021-10-14 05:03:26'),(772,2,'excel_1634187822_03__October-_21.xlsx','active',NULL,'2021-10-14 05:03:43','2021-10-14 05:03:43'),(773,2,'excel_1634187844_07__October-_21.xlsx','active',NULL,'2021-10-14 05:04:04','2021-10-14 05:04:04'),(774,2,'excel_1634187860_11__October-_21.xlsx','active',NULL,'2021-10-14 05:04:20','2021-10-14 05:04:20'),(775,2,'excel_1634187874_12__October-_21.xlsx','active',NULL,'2021-10-14 05:04:34','2021-10-14 05:04:34'),(776,2,'excel_1634188120_10__October-_21.xlsx','active',NULL,'2021-10-14 05:08:40','2021-10-14 05:08:40'),(777,2,'excel_1634967854_11__October-_21.xlsx','active',NULL,'2021-10-23 05:44:15','2021-10-23 05:44:15'),(778,2,'excel_1634967911_12__October-_21.xlsx','active',NULL,'2021-10-23 05:45:11','2021-10-23 05:45:11'),(779,2,'excel_1634967966_13__October-_21.xlsx','active',NULL,'2021-10-23 05:46:06','2021-10-23 05:46:06'),(780,2,'excel_1634968030_14__October-_21.xlsx','active',NULL,'2021-10-23 05:47:11','2021-10-23 05:47:11'),(781,2,'excel_1634968101_17__October-_21.xlsx','active',NULL,'2021-10-23 05:48:21','2021-10-23 05:48:21'),(782,2,'excel_1634968168_18__October-_21.xlsx','active',NULL,'2021-10-23 05:49:28','2021-10-23 05:49:28'),(783,2,'excel_1634968193_19__October-_21.xlsx','active',NULL,'2021-10-23 05:49:53','2021-10-23 05:49:53'),(784,2,'excel_1635155123_24__October-21.xlsx','active',NULL,'2021-10-25 09:45:23','2021-10-25 09:45:23'),(785,2,'excel_1635155141_21_October-21.xlsx','active',NULL,'2021-10-25 09:45:41','2021-10-25 09:45:41'),(786,2,'excel_1635155157_21_October-21.xlsx','active',NULL,'2021-10-25 09:45:58','2021-10-25 09:45:58'),(787,2,'excel_1635210606_25102021.xlsx','active',NULL,'2021-10-26 01:10:06','2021-10-26 01:10:06'),(788,2,'excel_1635330785_21_October-21.xlsx','active',NULL,'2021-10-27 10:33:06','2021-10-27 10:33:06'),(789,2,'excel_1635330802_24__October-21.xlsx','active',NULL,'2021-10-27 10:33:22','2021-10-27 10:33:22'),(790,2,'excel_1635330815_25__October-_21.xlsx','active',NULL,'2021-10-27 10:33:36','2021-10-27 10:33:36'),(791,2,'excel_1635330830_26__October-_21.xlsx','active',NULL,'2021-10-27 10:33:50','2021-10-27 10:33:50'),(792,2,'excel_1635401705_21_October-21.xlsx','active',NULL,'2021-10-28 06:15:05','2021-10-28 06:15:05'),(793,2,'excel_1635401794_21_October-21.xlsx','active',NULL,'2021-10-28 06:16:34','2021-10-28 06:16:34'),(794,2,'excel_1635658166_27__October-_21.xlsx','active',NULL,'2021-10-31 05:29:26','2021-10-31 05:29:26'),(795,2,'excel_1635658180_28__October-_21.xlsx','active',NULL,'2021-10-31 05:29:40','2021-10-31 05:29:40'),(796,2,'excel_1635747436_31__October-_21.xlsx','active',NULL,'2021-11-01 06:17:17','2021-11-01 06:17:17'),(797,2,'excel_1637813078_01112021.xlsx','active',NULL,'2021-11-25 04:04:38','2021-11-25 04:04:38'),(798,2,'excel_1637813093_02112021.xlsx','active',NULL,'2021-11-25 04:04:53','2021-11-25 04:04:53'),(799,2,'excel_1637813107_03112021.xlsx','active',NULL,'2021-11-25 04:05:07','2021-11-25 04:05:07'),(800,2,'excel_1637813175_04112021.xlsx','active',NULL,'2021-11-25 04:06:15','2021-11-25 04:06:15'),(801,2,'excel_1637813192_07112021.xlsx','active',NULL,'2021-11-25 04:06:33','2021-11-25 04:06:33'),(802,2,'excel_1637813249_08112021.xlsx','active',NULL,'2021-11-25 04:07:29','2021-11-25 04:07:29'),(803,2,'excel_1637813515_09112021.xlsx','active',NULL,'2021-11-25 04:11:55','2021-11-25 04:11:55'),(804,2,'excel_1637813561_10112021.xlsx','active',NULL,'2021-11-25 04:12:41','2021-11-25 04:12:41'),(805,2,'excel_1637813627_17112021.xlsx','active',NULL,'2021-11-25 04:13:47','2021-11-25 04:13:47'),(806,2,'excel_1637813647_18112021.xlsx','active',NULL,'2021-11-25 04:14:07','2021-11-25 04:14:07'),(807,2,'excel_1637813667_21112021.xlsx','active',NULL,'2021-11-25 04:14:28','2021-11-25 04:14:28'),(808,2,'excel_1637813684_22112021.xlsx','active',NULL,'2021-11-25 04:14:45','2021-11-25 04:14:45'),(809,2,'excel_1637813703_23112021.xlsx','active',NULL,'2021-11-25 04:15:04','2021-11-25 04:15:04'),(810,2,'excel_1637813716_24112021.xlsx','active',NULL,'2021-11-25 04:15:16','2021-11-25 04:15:16'),(811,2,'excel_1637814465_11112021.xlsx','active',NULL,'2021-11-25 04:27:45','2021-11-25 04:27:45'),(812,2,'excel_1637814479_14112021.xlsx','active',NULL,'2021-11-25 04:27:59','2021-11-25 04:27:59'),(813,2,'excel_1637814502_16112021.xlsx','active',NULL,'2021-11-25 04:28:23','2021-11-25 04:28:23'),(814,2,'excel_1637814828_15112021.xlsx','active',NULL,'2021-11-25 04:33:48','2021-11-25 04:33:48'),(815,2,'excel_1638168581_25_Nov-21.xlsx','active',NULL,'2021-11-29 06:49:41','2021-11-29 06:49:41'),(816,2,'excel_1638168597_28_Nov-21.xlsx','active',NULL,'2021-11-29 06:49:57','2021-11-29 06:49:57'),(817,1,'excel_1638222205_11112021.xlsx','Completed',NULL,'2021-11-29 15:43:25','2021-11-29 15:43:25'),(818,1,'excel_1638222343_11112021.xlsx','Completed',NULL,'2021-11-29 15:45:43','2021-11-29 15:45:43'),(819,1,'excel_1638222391_11112021.xlsx','Completed',NULL,'2021-11-29 15:46:32','2021-11-29 15:46:32'),(820,1,'excel_1638222419_11112021.xlsx','Completed',NULL,'2021-11-29 15:47:00','2021-11-29 15:47:00'),(821,1,'excel_1638222496_11112021.xlsx','Completed',NULL,'2021-11-29 15:48:16','2021-11-29 15:48:16'),(822,1,'excel_1638223078_11112021.xlsx','Completed',NULL,'2021-11-29 15:57:58','2021-11-29 15:57:58'),(823,2,'excel_1638224014_11112021.xlsx','Completed',NULL,'2021-11-29 16:13:34','2021-11-29 16:13:34'),(824,1,'excel_1651867650_17_April-22.xlsx','Completed',NULL,'2022-05-06 14:07:31','2022-05-06 14:07:31'),(825,1,'excel_1651867859_17_April-22.xlsx','Completed',NULL,'2022-05-06 14:10:59','2022-05-06 14:10:59'),(826,1,'excel_1651867906_18_April-22.xlsx','Completed',NULL,'2022-05-06 14:11:47','2022-05-06 14:11:47'),(827,1,'excel_1651867913_19_April-22.xlsx','Completed',NULL,'2022-05-06 14:11:53','2022-05-06 14:11:53'),(828,1,'excel_1651867919_03042022.xlsx','Completed',NULL,'2022-05-06 14:11:59','2022-05-06 14:11:59'),(829,1,'excel_1651867929_21_April-22.xlsx','Completed',NULL,'2022-05-06 14:12:10','2022-05-06 14:12:10'),(830,1,'excel_1704478292_30-May-22.xlsx','Completed',NULL,'2024-01-05 12:11:32','2024-01-05 12:11:32');
/*!40000 ALTER TABLE `parser_logs` ENABLE KEYS */;
UNLOCK TABLES;

--
-- Table structure for table `password_resets`
--

DROP TABLE IF EXISTS `password_resets`;
/*!40101 SET @saved_cs_client     = @@character_set_client */;
/*!40101 SET character_set_client = utf8 */;
CREATE TABLE `password_resets` (
  `email` varchar(255) NOT NULL,
  `token` varchar(255) NOT NULL,
  `created_at` timestamp NULL DEFAULT NULL,
  KEY `password_resets_email_index` (`email`)
) ENGINE=InnoDB DEFAULT CHARSET=utf8 COLLATE=utf8_unicode_ci;
/*!40101 SET character_set_client = @saved_cs_client */;

--
-- Dumping data for table `password_resets`
--

LOCK TABLES `password_resets` WRITE;
/*!40000 ALTER TABLE `password_resets` DISABLE KEYS */;
/*!40000 ALTER TABLE `password_resets` ENABLE KEYS */;
UNLOCK TABLES;

--
-- Table structure for table `personal_access_tokens`
--

DROP TABLE IF EXISTS `personal_access_tokens`;
/*!40101 SET @saved_cs_client     = @@character_set_client */;
/*!40101 SET character_set_client = utf8 */;
CREATE TABLE `personal_access_tokens` (
  `id` bigint(20) unsigned NOT NULL AUTO_INCREMENT,
  `tokenable_type` varchar(255) NOT NULL,
  `tokenable_id` bigint(20) unsigned NOT NULL,
  `name` varchar(255) NOT NULL,
  `token` varchar(64) NOT NULL,
  `abilities` text DEFAULT NULL,
  `last_used_at` timestamp NULL DEFAULT NULL,
  `created_at` timestamp NULL DEFAULT NULL,
  `updated_at` timestamp NULL DEFAULT NULL,
  PRIMARY KEY (`id`),
  UNIQUE KEY `personal_access_tokens_token_unique` (`token`),
  KEY `personal_access_tokens_tokenable_type_tokenable_id_index` (`tokenable_type`,`tokenable_id`)
) ENGINE=InnoDB DEFAULT CHARSET=utf8 COLLATE=utf8_unicode_ci;
/*!40101 SET character_set_client = @saved_cs_client */;

--
-- Dumping data for table `personal_access_tokens`
--

LOCK TABLES `personal_access_tokens` WRITE;
/*!40000 ALTER TABLE `personal_access_tokens` DISABLE KEYS */;
/*!40000 ALTER TABLE `personal_access_tokens` ENABLE KEYS */;
UNLOCK TABLES;

--
-- Table structure for table `users`
--

DROP TABLE IF EXISTS `users`;
/*!40101 SET @saved_cs_client     = @@character_set_client */;
/*!40101 SET character_set_client = utf8 */;
CREATE TABLE `users` (
  `id` bigint(20) unsigned NOT NULL AUTO_INCREMENT,
  `name` varchar(255) NOT NULL,
  `email` varchar(255) NOT NULL,
  `email_verified_at` timestamp NULL DEFAULT NULL,
  `password` varchar(255) NOT NULL,
  `remember_token` varchar(100) DEFAULT NULL,
  `status` varchar(255) DEFAULT NULL,
  `created_at` timestamp NULL DEFAULT NULL,
  `updated_at` timestamp NULL DEFAULT NULL,
  PRIMARY KEY (`id`),
  UNIQUE KEY `users_email_unique` (`email`)
) ENGINE=InnoDB AUTO_INCREMENT=3 DEFAULT CHARSET=utf8 COLLATE=utf8_unicode_ci;
/*!40101 SET character_set_client = @saved_cs_client */;

--
-- Dumping data for table `users`
--

LOCK TABLES `users` WRITE;
/*!40000 ALTER TABLE `users` DISABLE KEYS */;
INSERT INTO `users` VALUES (1,'Asraf Ud Duha','seaudbd@gmail.com',NULL,'$2y$10$6oZ/8rrX1x3jh/lwZnIZk.wO3F4DPfwbBffVYSh4Pn7UVDafCgeWW',NULL,'Active','2021-11-29 20:01:27','2021-11-29 20:01:27'),(2,'Mizanul Hoque Sarker','mizanulhoquesarker@gmail.com',NULL,'$2y$10$6oZ/8rrX1x3jh/lwZnIZk.wO3F4DPfwbBffVYSh4Pn7UVDafCgeWW',NULL,'Active','2021-11-29 22:12:09','2021-11-29 22:12:09');
/*!40000 ALTER TABLE `users` ENABLE KEYS */;
UNLOCK TABLES;
/*!40103 SET TIME_ZONE=@OLD_TIME_ZONE */;

/*!40101 SET SQL_MODE=@OLD_SQL_MODE */;
/*!40014 SET FOREIGN_KEY_CHECKS=@OLD_FOREIGN_KEY_CHECKS */;
/*!40014 SET UNIQUE_CHECKS=@OLD_UNIQUE_CHECKS */;
/*!40101 SET CHARACTER_SET_CLIENT=@OLD_CHARACTER_SET_CLIENT */;
/*!40101 SET CHARACTER_SET_RESULTS=@OLD_CHARACTER_SET_RESULTS */;
/*!40101 SET COLLATION_CONNECTION=@OLD_COLLATION_CONNECTION */;
/*!40111 SET SQL_NOTES=@OLD_SQL_NOTES */;

-- Dump completed on 2024-01-06  2:05:53
